2025,12,10,낸,11,21,6
2025,12,11,뒞,11,22,7
2025,12,12,,11,23,8
2025,12,13,늧,11,24,9
2025,12,14,,11,25,10
2025,12,15,깵,11,26,11
2025,12,16,괉,11,27,12
2025,12,17,낸,11,28,13
2025,12,18,뒞,11,29,14
2025,12,19,,11,30,15
2025,12,20,늧,12,1,1
2025,12,21,,12,2,2
2025,12,22,깵,12,3,3
2025,12,23,괉,12,4,4
2025,12,24,낸,12,5,5
2025,12,25,뒞,12,6,6
2025,12,26,,12,7,7
2025,12,27,늧,12,8,8
2025,12,28,,12,9,9
2025,12,29,깵,12,10,10
2025,12,30,괉,12,11,11
2025,12,31,낸,12,12,12
2026,1,1,뒞,12,13,13
2026,1,2,,12,14,14
2026,1,3,늧,12,15,15
2026,1,4,,12,16,1
2026,1,5,깵,12,17,2
2026,1,6,괉,12,18,3
2026,1,7,낸,12,19,4
2026,1,8,뒞,12,20,5
2026,1,9,,12,21,6
2026,1,10,늧,12,22,7
2026,1,11,,12,23,8
2026,1,12,깵,12,24,9
2026,1,13,괉,12,25,10
2026,1,14,낸,12,26,11
2026,1,15,뒞,12,27,12
2026,1,16,,12,28,13
2026,1,17,늧,12,29,14
2026,1,18,,12,30,15
2026,1,19,깵,13,1,1
2026,1,20,괉,13,2,2
2026,1,21,낸,13,3,3
2026,1,22,뒞,13,4,4
2026,1,23,,13,5,5
2026,1,24,늧,13,6,6
2026,1,25,,13,7,7
2026,1,26,깵,13,8,8
2026,1,27,괉,13,9,9
2026,1,28,낸,13,10,10
2026,1,29,뒞,13,11,11
2026,1,30,,13,12,12
2026,1,31,늧,13,13,13
2026,2,1,,13,14,14
2026,2,2,깵,13,15,15
2026,2,3,괉,13,16,1
2026,2,4,낸,13,17,2
2026,2,5,뒞,13,18,3
2026,2,6,,13,19,4
2026,2,7,늧,13,20,5
2026,2,8,,13,21,6
2026,2,9,깵,13,22,7
2026,2,10,괉,13,23,8
2026,2,11,낸,13,24,9
2026,2,12,뒞,13,25,10
2026,2,13,,13,26,11
2026,2,14,늧,13,27,12
2026,2,15,,13,28,13
2026,2,16,깵,13,29,14
2026,2,17,괉,1,1,1
2026,2,18,낸,1,2,2
2026,2,19,뒞,1,3,3
2026,2,20,,1,4,4
2026,2,21,늧,1,5,5
2026,2,22,,1,6,6
2026,2,23,깵,1,7,7
2026,2,24,괉,1,8,8
2026,2,25,낸,1,9,9
2026,2,26,뒞,1,10,10
2026,2,27,,1,11,11
2026,2,28,늧,1,12,12
2026,3,1,,1,13,13
2026,3,2,깵,1,14,14
2026,3,3,괉,1,15,15
2026,3,4,낸,1,16,1
2026,3,5,뒞,1,17,2
2026,3,6,,1,18,3
2026,3,7,늧,1,19,4
2026,3,8,,1,20,5
2026,3,9,깵,1,21,6
2026,3,10,괉,1,22,7
2026,3,11,낸,1,23,8
2026,3,12,뒞,1,24,9
2026,3,13,,1,25,10
2026,3,14,늧,1,26,11
2026,3,15,,1,27,12
2026,3,16,깵,1,28,13
2026,3,17,괉,1,29,14
2026,3,18,낸,1,30,15
2026,3,19,뒞,2,1,1
2026,3,20,,2,2,2
2026,3,21,늧,2,3,3
2026,3,22,,2,4,4
2026,3,23,깵,2,5,5
2026,3,24,괉,2,6,6
2026,3,25,낸,2,7,7
2026,3,26,뒞,2,8,8
2026,3,27,,2,9,9
2026,3,28,늧,2,10,10
2026,3,29,,2,11,11
2026,3,30,깵,2,12,12
2026,3,31,괉,2,13,13
2026,4,1,낸,2,14,14
2026,4,2,뒞,2,15,15
2026,4,3,,2,16,1
2026,4,4,늧,2,17,2
2026,4,5,,2,18,3
2026,4,6,깵,2,19,4
2026,4,7,괉,2,20,5
2026,4,8,낸,2,21,6
2026,4,9,뒞,2,22,7
2026,4,10,,2,23,8
2026,4,11,늧,2,24,9
2026,4,12,,2,25,10
2026,4,13,깵,2,26,11
2026,4,14,괉,2,27,12
2026,4,15,낸,2,28,13
2026,4,16,뒞,2,29,14
2026,4,17,,3,1,1
2026,4,18,늧,3,2,2
2026,4,19,,3,3,3
2026,4,20,깵,3,4,4
2026,4,21,괉,3,5,5
2026,4,22,낸,3,6,6
2026,4,23,뒞,3,7,7
2026,4,24,,3,8,8
2026,4,25,늧,3,9,9
2026,4,26,,3,10,10
2026,4,27,깵,3,11,11
2026,4,28,괉,3,12,12
2026,4,29,낸,3,13,13
2026,4,30,뒞,3,14,14
2026,5,1,,3,15,15
2026,5,2,늧,3,16,1
2026,5,3,,3,17,2
2026,5,4,깵,3,18,3
2026,5,5,괉,3,19,4
2026,5,6,낸,3,20,5
2026,5,7,뒞,3,21,6
2026,5,8,,3,22,7
2026,5,9,늧,3,23,8
2026,5,10,,3,24,9
2026,5,11,깵,3,25,10
2026,5,12,괉,3,26,11
2026,5,13,낸,3,27,12
2026,5,14,뒞,3,28,13
2026,5,15,,3,29,14
2026,5,16,늧,3,30,15
2026,5,17,,4,1,1
2026,5,18,깵,4,2,2
2026,5,19,괉,4,3,3
2026,5,20,낸,4,4,4
2026,5,21,뒞,4,5,5
2026,5,22,,4,6,6
2026,5,23,늧,4,7,7
2026,5,24,,4,8,8
2026,5,25,깵,4,9,9
2026,5,26,괉,4,10,10
2026,5,27,낸,4,11,11
2026,5,28,뒞,4,12,12
2026,5,29,,4,13,13
2026,5,30,늧,4,14,14
2026,5,31,,4,15,15
2026,6,1,깵,4,16,1
2026,6,2,괉,4,17,2
2026,6,3,낸,4,18,3
2026,6,4,뒞,4,19,4
2026,6,5,,4,20,5
2026,6,6,늧,4,21,6
2026,6,7,,4,22,7
2026,6,8,깵,4,23,8
2026,6,9,괉,4,24,9
2026,6,10,낸,4,25,10
2026,6,11,뒞,4,26,11
2026,6,12,,4,27,12
2026,6,13,늧,4,28,13
2026,6,14,,4,29,14
2026,6,15,깵,5,1,1
2026,6,16,괉,5,2,2
2026,6,17,낸,5,3,3
2026,6,18,뒞,5,4,4
2026,6,19,,5,5,5
2026,6,20,늧,5,6,6
2026,6,21,,5,7,7
2026,6,22,깵,5,8,8
2026,6,23,괉,5,9,9
2026,6,24,낸,5,10,10
2026,6,25,뒞,5,11,11
2026,6,26,,5,12,12
2026,6,27,늧,5,13,13
2026,6,28,,5,14,14
2026,6,29,깵,5,15,15
2026,6,30,괉,5,16,1
2026,7,1,낸,5,17,2
2026,7,2,뒞,5,18,3
2026,7,3,,5,19,4
2026,7,4,늧,5,20,5
2026,7,5,,5,21,6
2026,7,6,깵,5,22,7
2026,7,7,괉,5,23,8
2026,7,8,낸,5,24,9
2026,7,9,뒞,5,25,10
2026,7,10,,5,26,11
2026,7,11,늧,5,27,12
2026,7,12,,5,28,13
2026,7,13,깵,5,29,14
2026,7,14,괉,6,1,1
2026,7,15,낸,6,2,2
2026,7,16,뒞,6,3,3
2026,7,17,,6,4,4
2026,7,18,늧,6,5,5
2026,7,19,,6,6,6
2026,7,20,깵,6,7,7
2026,7,21,괉,6,8,8
2026,7,22,낸,6,9,9
2026,7,23,뒞,6,10,10
2026,7,24,,6,11,11
2026,7,25,늧,6,12,12
2026,7,26,,6,13,13
2026,7,27,깵,6,14,14
2026,7,28,괉,6,15,15
2026,7,29,낸,6,16,1
2026,7,30,뒞,6,17,2
2026,7,31,,6,18,3
2026,8,1,늧,6,19,4
2026,8,2,,6,20,5
2026,8,3,깵,6,21,6
2026,8,4,괉,6,22,7
2026,8,5,낸,6,23,8
2026,8,6,뒞,6,24,9
2026,8,7,,6,25,10
2026,8,8,늧,6,26,11
2026,8,9,,6,27,12
2026,8,10,깵,6,28,13
2026,8,11,괉,6,29,14
2026,8,12,낸,6,30,15
2026,8,13,뒞,7,1,1
2026,8,14,,7,2,2
2026,8,15,늧,7,3,3
2026,8,16,,7,4,4
2026,8,17,깵,7,5,5
2026,8,18,괉,7,6,6
2026,8,19,낸,7,7,7
2026,8,20,뒞,7,8,8
2026,8,21,,7,9,9
2026,8,22,늧,7,10,10
2026,8,23,,7,11,11
2026,8,24,깵,7,12,12
2026,8,25,괉,7,13,13
2026,8,26,낸,7,14,14
2026,8,27,뒞,7,15,15
2026,8,28,,7,16,1
2026,8,29,늧,7,17,2
2026,8,30,,7,18,3
2026,8,31,깵,7,19,4
2026,9,1,괉,7,20,5
2026,9,2,낸,7,21,6
2026,9,3,뒞,7,22,7
2026,9,4,,7,23,8
2026,9,5,늧,7,24,9
2026,9,6,,7,25,10
2026,9,7,깵,7,26,11
2026,9,8,괉,7,27,12
2026,9,9,낸,7,28,13
2026,9,10,뒞,7,29,14
2026,9,11,,8,1,1
2026,9,12,늧,8,2,2
2026,9,13,,8,3,3
2026,9,14,깵,8,4,4
2026,9,15,괉,8,5,5
2026,9,16,낸,8,6,6
2026,9,17,뒞,8,7,7
2026,9,18,,8,8,8
2026,9,19,늧,8,9,9
2026,9,20,,8,10,10
2026,9,21,깵,8,11,11
2026,9,22,괉,8,12,12
2026,9,23,낸,8,13,13
2026,9,24,뒞,8,14,14
2026,9,25,,8,15,15
2026,9,26,늧,8,16,1
2026,9,27,,8,17,2
2026,9,28,깵,8,18,3
2026,9,29,괉,8,19,4
2026,9,30,낸,8,20,5
2026,10,1,뒞,8,21,6
2026,10,2,,8,22,7
2026,10,3,늧,8,23,8
2026,10,4,,8,24,9
2026,10,5,깵,8,25,10
2026,10,6,괉,8,26,11
2026,10,7,낸,8,27,12
2026,10,8,뒞,8,28,13
2026,10,9,,8,29,14
2026,10,10,늧,8,30,15
2026,10,11,,9,1,1
2026,10,12,깵,9,2,2
2026,10,13,괉,9,3,3
2026,10,14,낸,9,4,4
2026,10,15,뒞,9,5,5
2026,10,16,,9,6,6
2026,10,17,늧,9,7,7
2026,10,18,,9,8,8
2026,10,19,깵,9,9,9
2026,10,20,괉,9,10,10
2026,10,21,낸,9,11,11
2026,10,22,뒞,9,12,12
2026,10,23,,9,13,13
2026,10,24,늧,9,14,14
2026,10,25,,9,15,15
2026,10,26,깵,9,16,1
2026,10,27,괉,9,17,2
2026,10,28,낸,9,18,3
2026,10,29,뒞,9,19,4
2026,10,30,,9,20,5
2026,10,31,늧,9,21,6
2026,11,1,,9,22,7
2026,11,2,깵,9,23,8
2026,11,3,괉,9,24,9
2026,11,4,낸,9,25,10
2026,11,5,뒞,9,26,11
2026,11,6,,9,27,12
2026,11,7,늧,9,28,13
2026,11,8,,9,29,14
2026,11,9,깵,10,1,1
2026,11,10,괉,10,2,2
2026,11,11,낸,10,3,3
2026,11,12,뒞,10,4,4
2026,11,13,,10,5,5
2026,11,14,늧,10,6,6
2026,11,15,,10,7,7
2026,11,16,깵,10,8,8
2026,11,17,괉,10,9,9
2026,11,18,낸,10,10,10
2026,11,19,뒞,10,11,11
2026,11,20,,10,12,12
2026,11,21,늧,10,13,13
2026,11,22,,10,14,14
2026,11,23,깵,10,15,15
2026,11,24,괉,10,16,1
2026,11,25,낸,10,17,2
2026,11,26,뒞,10,18,3
2026,11,27,,10,19,4
2026,11,28,늧,10,20,5
2026,11,29,,10,21,6
2026,11,30,깵,10,22,7
2026,12,1,괉,10,23,8
2026,12,2,낸,10,24,9
2026,12,3,뒞,10,25,10
2026,12,4,,10,26,11
2026,12,5,늧,10,27,12
2026,12,6,,10,28,13
2026,12,7,깵,10,29,14
2026,12,8,괉,10,30,15
2026,12,9,낸,11,1,1
2026,12,10,뒞,11,2,2
2026,12,11,,11,3,3
2026,12,12,늧,11,4,4
2026,12,13,,11,5,5
2026,12,14,깵,11,6,6
2026,12,15,괉,11,7,7
2026,12,16,낸,11,8,8
2026,12,17,뒞,11,9,9
2026,12,18,,11,10,10
2026,12,19,늧,11,11,11
2026,12,20,,11,12,12
2026,12,21,깵,11,13,13
2026,12,22,괉,11,14,14
2026,12,23,낸,11,15,15
2026,12,24,뒞,11,16,1
2026,12,25,,11,17,2
2026,12,26,늧,11,18,3
2026,12,27,,11,19,4
2026,12,28,깵,11,20,5
2026,12,29,괉,11,21,6
2026,12,30,낸,11,22,7
2026,12,31,뒞,11,23,8
