20251210,2025,12,10,3,11,21,6,38,9,0
20251210,2025,12,10,3,11,21,13,26,357,1
20251210,2025,12,10,3,11,21,19,26,167,0
20251211,2025,12,11,4,11,22,0,48,320,1
20251211,2025,12,11,4,11,22,7,28,56,0
20251211,2025,12,11,4,11,22,14,16,335,1
20251211,2025,12,11,4,11,22,20,28,165,0
20251212,2025,12,12,5,11,23,1,59,291,1
20251212,2025,12,12,5,11,23,8,23,102,0
20251212,2025,12,12,5,11,23,15,8,322,1
20251212,2025,12,12,5,11,23,21,38,152,0
20251213,2025,12,13,6,11,24,3,30,274,1
20251213,2025,12,13,6,11,24,9,27,140,0
20251213,2025,12,13,6,11,24,16,2,315,1
20251213,2025,12,13,6,11,24,22,47,129,0
20251214,2025,12,14,0,11,25,5,3,279,1
20251214,2025,12,14,0,11,25,10,40,163,0
20251214,2025,12,14,0,11,25,16,54,316,1
20251214,2025,12,14,0,11,25,23,44,101,0
20251215,2025,12,15,1,11,26,6,17,298,1
20251215,2025,12,15,1,11,26,11,51,172,0
20251215,2025,12,15,1,11,26,17,41,322,1
20251216,2025,12,16,2,11,27,0,30,68,0
20251216,2025,12,16,2,11,27,7,12,322,1
20251216,2025,12,16,2,11,27,12,49,172,0
20251216,2025,12,16,2,11,27,18,24,330,1
20251217,2025,12,17,3,11,28,1,9,39,0
20251217,2025,12,17,3,11,28,7,55,345,1
20251217,2025,12,17,3,11,28,13,37,165,0
20251217,2025,12,17,3,11,28,19,3,340,1
20251218,2025,12,18,4,11,29,1,46,12,0
20251218,2025,12,18,4,11,29,8,32,366,1
20251218,2025,12,18,4,11,29,14,18,157,0
20251218,2025,12,18,4,11,29,19,41,350,1
20251219,2025,12,19,5,11,30,2,21,-7,0
20251219,2025,12,19,5,11,30,9,7,381,1
20251219,2025,12,19,5,11,30,14,55,150,0
20251219,2025,12,19,5,11,30,20,17,359,1
20251220,2025,12,20,6,12,1,2,55,-24,0
20251220,2025,12,20,6,12,1,9,40,390,1
20251220,2025,12,20,6,12,1,15,30,145,0
20251220,2025,12,20,6,12,1,20,52,366,1
20251221,2025,12,21,0,12,2,3,30,-35,0
20251221,2025,12,21,0,12,2,10,13,391,1
20251221,2025,12,21,0,12,2,16,4,143,0
20251221,2025,12,21,0,12,2,21,26,369,1
20251222,2025,12,22,1,12,3,4,5,-36,0
20251222,2025,12,22,1,12,3,10,47,390,1
20251222,2025,12,22,1,12,3,16,38,141,0
20251222,2025,12,22,1,12,3,22,0,367,1
20251223,2025,12,23,2,12,4,4,41,-33,0
20251223,2025,12,23,2,12,4,11,20,384,1
20251223,2025,12,23,2,12,4,17,14,141,0
20251223,2025,12,23,2,12,4,22,36,362,1
20251224,2025,12,24,3,12,5,5,17,-21,0
20251224,2025,12,24,3,12,5,11,55,376,1
20251224,2025,12,24,3,12,5,17,53,141,0
20251224,2025,12,24,3,12,5,23,15,349,1
20251225,2025,12,25,4,12,6,5,56,-1,0
20251225,2025,12,25,4,12,6,12,32,367,1
20251225,2025,12,25,4,12,6,18,37,138,0
20251226,2025,12,26,5,12,7,0,0,332,1
20251226,2025,12,26,5,12,7,6,37,26,0
20251226,2025,12,26,5,12,7,13,12,357,1
20251226,2025,12,26,5,12,7,19,28,133,0
20251227,2025,12,27,6,12,8,0,56,313,1
20251227,2025,12,27,6,12,8,7,24,60,0
20251227,2025,12,27,6,12,8,13,58,347,1
20251227,2025,12,27,6,12,8,20,27,119,0
20251228,2025,12,28,0,12,9,2,9,296,1
20251228,2025,12,28,0,12,9,8,21,99,0
20251228,2025,12,28,0,12,9,14,51,339,1
20251228,2025,12,28,0,12,9,21,33,95,0
20251229,2025,12,29,1,12,10,3,40,293,1
20251229,2025,12,29,1,12,10,9,31,133,0
20251229,2025,12,29,1,12,10,15,51,333,1
20251229,2025,12,29,1,12,10,22,42,63,0
20251230,2025,12,30,2,12,11,5,13,308,1
20251230,2025,12,30,2,12,11,10,55,157,0
20251230,2025,12,30,2,12,11,16,54,337,1
20251230,2025,12,30,2,12,11,23,48,21,0
20251231,2025,12,31,3,12,12,6,36,339,1
20251231,2025,12,31,3,12,12,12,20,167,0
20251231,2025,12,31,3,12,12,17,56,344,1
20260101,2026,1,1,4,12,13,0,48,-21,0
20260101,2026,1,1,4,12,13,7,42,374,1
20260101,2026,1,1,4,12,13,13,31,158,0
20260101,2026,1,1,4,12,13,18,56,361,1
20260102,2026,1,2,5,12,14,1,44,-62,0
20260102,2026,1,2,5,12,14,8,39,407,1
20260102,2026,1,2,5,12,14,14,30,143,0
20260102,2026,1,2,5,12,14,19,52,379,1
20260103,2026,1,3,6,12,15,2,36,-92,0
20260103,2026,1,3,6,12,15,9,27,427,1
20260103,2026,1,3,6,12,15,15,20,128,0
20260103,2026,1,3,6,12,15,20,43,396,1
20260104,2026,1,4,0,12,16,3,25,-109,0
20260104,2026,1,4,0,12,16,10,11,435,1
20260104,2026,1,4,0,12,16,16,5,112,0
20260104,2026,1,4,0,12,16,21,31,405,1
20260105,2026,1,5,1,12,17,4,10,-108,0
20260105,2026,1,5,1,12,17,10,51,432,1
20260105,2026,1,5,1,12,17,16,47,102,0
20260105,2026,1,5,1,12,17,22,16,403,1
20260106,2026,1,6,2,12,18,4,53,-89,0
20260106,2026,1,6,2,12,18,11,28,418,1
20260106,2026,1,6,2,12,18,17,27,95,0
20260106,2026,1,6,2,12,18,22,58,390,1
20260107,2026,1,7,3,12,19,5,33,-53,0
20260107,2026,1,7,3,12,19,12,1,398,1
20260107,2026,1,7,3,12,19,18,6,95,0
20260107,2026,1,7,3,12,19,23,40,364,1
20260108,2026,1,8,4,12,20,6,10,-7,0
20260108,2026,1,8,4,12,20,12,31,376,1
20260108,2026,1,8,4,12,20,18,45,97,0
20260109,2026,1,9,5,12,21,0,23,332,1
20260109,2026,1,9,5,12,21,6,44,43,0
20260109,2026,1,9,5,12,21,13,0,354,1
20260109,2026,1,9,5,12,21,19,26,101,0
20260110,2026,1,10,6,12,22,1,12,298,1
20260110,2026,1,10,6,12,22,7,19,95,0
20260110,2026,1,10,6,12,22,13,30,332,1
20260110,2026,1,10,6,12,22,20,13,106,0
20260111,2026,1,11,0,12,23,2,14,267,1
20260111,2026,1,11,0,12,23,7,58,143,0
20260111,2026,1,11,0,12,23,14,6,311,1
20260111,2026,1,11,0,12,23,21,12,107,0
20260112,2026,1,12,1,12,24,3,47,248,1
20260112,2026,1,12,1,12,24,8,53,182,0
20260112,2026,1,12,1,12,24,14,58,294,1
20260112,2026,1,12,1,12,24,22,27,101,0
20260113,2026,1,13,2,12,25,5,43,257,1
20260113,2026,1,13,2,12,25,10,29,208,0
20260113,2026,1,13,2,12,25,16,14,284,1
20260113,2026,1,13,2,12,25,23,44,82,0
20260114,2026,1,14,3,12,26,7,4,282,1
20260114,2026,1,14,3,12,26,12,22,206,0
20260114,2026,1,14,3,12,26,17,35,286,1
20260115,2026,1,15,4,12,27,0,43,53,0
20260115,2026,1,15,4,12,27,7,52,311,1
20260115,2026,1,15,4,12,27,13,27,189,0
20260115,2026,1,15,4,12,27,18,38,301,1
20260116,2026,1,16,5,12,28,1,30,22,0
20260116,2026,1,16,5,12,28,8,29,337,1
20260116,2026,1,16,5,12,28,14,10,169,0
20260116,2026,1,16,5,12,28,19,27,322,1
20260117,2026,1,17,6,12,29,2,10,-4,0
20260117,2026,1,17,6,12,29,9,1,357,1
20260117,2026,1,17,6,12,29,14,46,148,0
20260117,2026,1,17,6,12,29,20,8,344,1
20260118,2026,1,18,0,12,30,2,47,-29,0
20260118,2026,1,18,0,12,30,9,31,376,1
20260118,2026,1,18,0,12,30,15,19,129,0
20260118,2026,1,18,0,12,30,20,45,362,1
20260119,2026,1,19,1,13,1,3,22,-48,0
20260119,2026,1,19,1,13,1,10,0,390,1
20260119,2026,1,19,1,13,1,15,51,112,0
20260119,2026,1,19,1,13,1,21,20,378,1
20260120,2026,1,20,2,13,2,3,56,-58,0
20260120,2026,1,20,2,13,2,10,28,398,1
20260120,2026,1,20,2,13,2,16,23,95,0
20260120,2026,1,20,2,13,2,21,55,388,1
20260121,2026,1,21,3,13,3,4,29,-58,0
20260121,2026,1,21,3,13,3,10,56,403,1
20260121,2026,1,21,3,13,3,16,56,82,0
20260121,2026,1,21,3,13,3,22,31,388,1
20260122,2026,1,22,4,13,4,5,3,-45,0
20260122,2026,1,22,4,13,4,11,24,401,1
20260122,2026,1,22,4,13,4,17,31,70,0
20260122,2026,1,22,4,13,4,23,9,381,1
20260123,2026,1,23,5,13,5,5,37,-19,0
20260123,2026,1,23,5,13,5,11,53,393,1
20260123,2026,1,23,5,13,5,18,8,60,0
20260123,2026,1,23,5,13,5,23,51,364,1
20260124,2026,1,24,6,13,6,6,13,17,0
20260124,2026,1,24,6,13,6,12,23,379,1
20260124,2026,1,24,6,13,6,18,49,56,0
20260125,2026,1,25,0,13,7,0,39,339,1
20260125,2026,1,25,0,13,7,6,52,65,0
20260125,2026,1,25,0,13,7,12,56,359,1
20260125,2026,1,25,0,13,7,19,37,55,0
20260126,2026,1,26,1,13,8,1,40,310,1
20260126,2026,1,26,1,13,8,7,36,116,0
20260126,2026,1,26,1,13,8,13,36,337,1
20260126,2026,1,26,1,13,8,20,36,56,0
20260127,2026,1,27,2,13,9,3,6,286,1
20260127,2026,1,27,2,13,9,8,38,169,0
20260127,2026,1,27,2,13,9,14,32,311,1
20260127,2026,1,27,2,13,9,21,54,51,0
20260128,2026,1,28,3,13,10,5,5,286,1
20260128,2026,1,28,3,13,10,10,21,204,0
20260128,2026,1,28,3,13,10,16,0,296,1
20260128,2026,1,28,3,13,10,23,25,31,0
20260129,2026,1,29,4,13,11,6,51,315,1
20260129,2026,1,29,4,13,11,12,30,201,0
20260129,2026,1,29,4,13,11,17,40,303,1
20260130,2026,1,30,5,13,12,0,43,-7,0
20260130,2026,1,30,5,13,12,7,55,354,1
20260130,2026,1,30,5,13,12,13,43,172,0
20260130,2026,1,30,5,13,12,18,57,332,1
20260131,2026,1,31,6,13,13,1,43,-48,0
20260131,2026,1,31,6,13,13,8,41,388,1
20260131,2026,1,31,6,13,13,14,32,136,0
20260131,2026,1,31,6,13,13,19,55,366,1
20260201,2026,2,1,0,13,14,2,33,-80,0
20260201,2026,2,1,0,13,14,9,20,413,1
20260201,2026,2,1,0,13,14,15,13,104,0
20260201,2026,2,1,0,13,14,20,43,395,1
20260202,2026,2,2,1,13,15,3,17,-97,0
20260202,2026,2,2,1,13,15,9,54,427,1
20260202,2026,2,2,1,13,15,15,51,75,0
20260202,2026,2,2,1,13,15,21,26,412,1
20260203,2026,2,3,2,13,16,3,58,-96,0
20260203,2026,2,3,2,13,16,10,25,429,1
20260203,2026,2,3,2,13,16,16,27,55,0
20260203,2026,2,3,2,13,16,22,6,415,1
20260204,2026,2,4,3,13,17,4,34,-75,0
20260204,2026,2,4,3,13,17,10,53,422,1
20260204,2026,2,4,3,13,17,17,0,43,0
20260204,2026,2,4,3,13,17,22,44,403,1
20260205,2026,2,5,4,13,18,5,7,-40,0
20260205,2026,2,5,4,13,18,11,18,408,1
20260205,2026,2,5,4,13,18,17,32,39,0
20260205,2026,2,5,4,13,18,23,20,379,1
20260206,2026,2,6,5,13,19,5,38,4,0
20260206,2026,2,6,5,13,19,11,41,390,1
20260206,2026,2,6,5,13,19,18,2,44,0
20260206,2026,2,6,5,13,19,23,55,350,1
20260207,2026,2,7,6,13,20,6,5,53,0
20260207,2026,2,7,6,13,20,12,2,369,1
20260207,2026,2,7,6,13,20,18,33,53,0
20260208,2026,2,8,0,13,21,0,32,316,1
20260208,2026,2,8,0,13,21,6,31,101,0
20260208,2026,2,8,0,13,21,12,24,347,1
20260208,2026,2,8,0,13,21,19,7,68,0
20260209,2026,2,9,1,13,22,1,17,282,1
20260209,2026,2,9,1,13,22,6,58,145,0
20260209,2026,2,9,1,13,22,12,48,322,1
20260209,2026,2,9,1,13,22,19,51,85,0
20260210,2026,2,10,2,13,23,2,24,252,1
20260210,2026,2,10,2,13,23,7,31,186,0
20260210,2026,2,10,2,13,23,13,20,294,1
20260210,2026,2,10,2,13,23,20,55,102,0
20260211,2026,2,11,3,13,24,4,48,240,1
20260211,2026,2,11,3,13,24,8,40,221,0
20260211,2026,2,11,3,13,24,14,21,267,1
20260211,2026,2,11,3,13,24,22,43,102,0
20260212,2026,2,12,4,13,25,7,1,265,1
20260212,2026,2,12,4,13,25,12,18,226,0
20260212,2026,2,12,4,13,25,16,46,257,1
20260213,2026,2,13,5,13,26,0,19,78,0
20260213,2026,2,13,5,13,26,7,46,296,1
20260213,2026,2,13,5,13,26,13,26,197,0
20260213,2026,2,13,5,13,26,18,21,277,1
20260214,2026,2,14,6,13,27,1,14,43,0
20260214,2026,2,14,6,13,27,8,16,327,1
20260214,2026,2,14,6,13,27,14,1,167,0
20260214,2026,2,14,6,13,27,19,15,308,1
20260215,2026,2,15,0,13,28,1,55,7,0
20260215,2026,2,15,0,13,28,8,43,354,1
20260215,2026,2,15,0,13,28,14,31,136,0
20260215,2026,2,15,0,13,28,19,56,342,1
20260216,2026,2,16,1,13,29,2,31,-23,0
20260216,2026,2,16,1,13,29,9,8,379,1
20260216,2026,2,16,1,13,29,15,0,106,0
20260216,2026,2,16,1,13,29,20,33,373,1
20260217,2026,2,17,2,1,1,3,4,-46,0
20260217,2026,2,17,2,1,1,9,33,401,1
20260217,2026,2,17,2,1,1,15,30,73,0
20260217,2026,2,17,2,1,1,21,8,398,1
20260218,2026,2,18,3,1,2,3,37,-58,0
20260218,2026,2,18,3,1,2,9,58,417,1
20260218,2026,2,18,3,1,2,16,1,44,0
20260218,2026,2,18,3,1,2,21,44,415,1
20260219,2026,2,19,4,1,3,4,11,-55,0
20260219,2026,2,19,4,1,3,10,24,425,1
20260219,2026,2,19,4,1,3,16,33,21,0
20260219,2026,2,19,4,1,3,22,21,420,1
20260220,2026,2,20,5,1,4,4,44,-38,0
20260220,2026,2,20,5,1,4,10,50,425,1
20260220,2026,2,20,5,1,4,17,6,4,0
20260220,2026,2,20,5,1,4,22,59,413,1
20260221,2026,2,21,6,1,5,5,18,-4,0
20260221,2026,2,21,6,1,5,11,17,413,1
20260221,2026,2,21,6,1,5,17,42,-4,0
20260221,2026,2,21,6,1,5,23,41,393,1
20260222,2026,2,22,0,1,6,5,53,41,0
20260222,2026,2,22,0,1,6,11,45,395,1
20260222,2026,2,22,0,1,6,18,20,0,0
20260223,2026,2,23,1,1,7,0,27,361,1
20260223,2026,2,23,1,1,7,6,28,94,0
20260223,2026,2,23,1,1,7,12,14,367,1
20260223,2026,2,23,1,1,7,19,4,16,0
20260224,2026,2,24,2,1,8,1,26,320,1
20260224,2026,2,24,2,1,8,7,9,150,0
20260224,2026,2,24,2,1,8,12,48,335,1
20260224,2026,2,24,2,1,8,20,1,39,0
20260225,2026,2,25,3,1,9,2,55,284,1
20260225,2026,2,25,3,1,9,8,8,203,0
20260225,2026,2,25,3,1,9,13,38,299,1
20260225,2026,2,25,3,1,9,21,27,58,0
20260226,2026,2,26,4,1,10,5,26,282,1
20260226,2026,2,26,4,1,10,10,36,231,0
20260226,2026,2,26,4,1,10,15,37,272,1
20260226,2026,2,26,4,1,10,23,19,50,0
20260227,2026,2,27,5,1,11,7,3,316,1
20260227,2026,2,27,5,1,11,12,53,201,0
20260227,2026,2,27,5,1,11,17,50,289,1
20260228,2026,2,28,6,1,12,0,42,14,0
20260228,2026,2,28,6,1,12,7,50,354,1
20260228,2026,2,28,6,1,12,13,43,157,0
20260228,2026,2,28,6,1,12,19,2,328,1
20260301,2026,3,1,0,1,13,1,37,-21,0
20260301,2026,3,1,0,1,13,8,25,384,1
20260301,2026,3,1,0,1,13,14,20,112,0
20260301,2026,3,1,0,1,13,19,54,369,1
20260302,2026,3,2,1,1,14,2,22,-46,0
20260302,2026,3,2,1,1,14,8,55,407,1
20260302,2026,3,2,1,1,14,14,55,72,0
20260302,2026,3,2,1,1,14,20,37,401,1
20260303,2026,3,3,2,1,15,3,1,-57,0
20260303,2026,3,3,2,1,15,9,23,422,1
20260303,2026,3,3,2,1,15,15,27,39,0
20260303,2026,3,3,2,1,15,21,16,418,1
20260304,2026,3,4,3,1,16,3,37,-50,0
20260304,2026,3,4,3,1,16,9,48,427,1
20260304,2026,3,4,3,1,16,15,58,17,0
20260304,2026,3,4,3,1,16,21,52,422,1
20260305,2026,3,5,4,1,17,4,9,-28,0
20260305,2026,3,5,4,1,17,10,12,424,1
20260305,2026,3,5,4,1,17,16,28,5,0
20260305,2026,3,5,4,1,17,22,25,413,1
20260306,2026,3,6,5,1,18,4,39,4,0
20260306,2026,3,6,5,1,18,10,33,413,1
20260306,2026,3,6,5,1,18,16,55,2,0
20260306,2026,3,6,5,1,18,22,58,395,1
20260307,2026,3,7,6,1,19,5,6,41,0
20260307,2026,3,7,6,1,19,10,54,398,1
20260307,2026,3,7,6,1,19,17,22,7,0
20260307,2026,3,7,6,1,19,23,30,369,1
20260308,2026,3,8,0,1,20,5,32,82,0
20260308,2026,3,8,0,1,20,11,14,378,1
20260308,2026,3,8,0,1,20,17,49,21,0
20260309,2026,3,9,1,1,21,0,2,339,1
20260309,2026,3,9,1,1,21,5,57,121,0
20260309,2026,3,9,1,1,21,11,35,356,1
20260309,2026,3,9,1,1,21,18,19,41,0
20260310,2026,3,10,2,1,22,0,40,306,1
20260310,2026,3,10,2,1,22,6,22,158,0
20260310,2026,3,10,2,1,22,11,57,330,1
20260310,2026,3,10,2,1,22,18,56,68,0
20260311,2026,3,11,3,1,23,1,33,272,1
20260311,2026,3,11,3,1,23,6,50,194,0
20260311,2026,3,11,3,1,23,12,22,299,1
20260311,2026,3,11,3,1,23,19,49,97,0
20260312,2026,3,12,4,1,24,3,26,247,1
20260312,2026,3,12,4,1,24,7,41,228,0
20260312,2026,3,12,4,1,24,12,57,269,1
20260312,2026,3,12,4,1,24,21,26,118,0
20260313,2026,3,13,5,1,25,6,30,264,1
20260313,2026,3,13,5,1,25,12,13,233,0
20260313,2026,3,13,5,1,25,15,50,245,1
20260313,2026,3,13,5,1,25,23,39,102,0
20260314,2026,3,14,6,1,26,7,14,296,1
20260314,2026,3,14,6,1,26,13,5,197,0
20260314,2026,3,14,6,1,26,17,57,269,1
20260315,2026,3,15,0,1,27,0,44,68,0
20260315,2026,3,15,0,1,27,7,41,328,1
20260315,2026,3,15,0,1,27,13,34,160,0
20260315,2026,3,15,0,1,27,18,54,308,1
20260316,2026,3,16,1,1,28,1,27,33,0
20260316,2026,3,16,1,1,28,8,5,359,1
20260316,2026,3,16,1,1,28,14,1,119,0
20260316,2026,3,16,1,1,28,19,36,349,1
20260317,2026,3,17,2,1,29,2,3,2,0
20260317,2026,3,17,2,1,29,8,29,388,1
20260317,2026,3,17,2,1,29,14,29,77,0
20260317,2026,3,17,2,1,29,20,14,388,1
20260318,2026,3,18,3,1,30,2,38,-18,0
20260318,2026,3,18,3,1,30,8,54,413,1
20260318,2026,3,18,3,1,30,14,59,34,0
20260318,2026,3,18,3,1,30,20,52,420,1
20260319,2026,3,19,4,2,1,3,13,-26,0
20260319,2026,3,19,4,2,1,9,20,430,1
20260319,2026,3,19,4,2,1,15,31,-4,0
20260319,2026,3,19,4,2,1,21,30,442,1
20260320,2026,3,20,5,2,2,3,48,-18,0
20260320,2026,3,20,5,2,2,9,47,439,1
20260320,2026,3,20,5,2,2,16,5,-33,0
20260320,2026,3,20,5,2,2,22,9,449,1
20260321,2026,3,21,6,2,3,4,24,5,0
20260321,2026,3,21,6,2,3,10,15,435,1
20260321,2026,3,21,6,2,3,16,40,-48,0
20260321,2026,3,21,6,2,3,22,51,439,1
20260322,2026,3,22,0,2,4,5,0,43,0
20260322,2026,3,22,0,2,4,10,43,420,1
20260322,2026,3,22,0,2,4,17,17,-48,0
20260322,2026,3,22,0,2,4,23,35,413,1
20260323,2026,3,23,1,2,5,5,37,89,0
20260323,2026,3,23,1,2,5,11,13,396,1
20260323,2026,3,23,1,2,5,17,58,-29,0
20260324,2026,3,24,2,2,6,0,24,374,1
20260324,2026,3,24,2,2,6,6,16,140,0
20260324,2026,3,24,2,2,6,11,45,364,1
20260324,2026,3,24,2,2,6,18,45,2,0
20260325,2026,3,25,3,2,7,1,28,330,1
20260325,2026,3,25,3,2,7,7,3,189,0
20260325,2026,3,25,3,2,7,12,22,327,1
20260325,2026,3,25,3,2,7,19,45,41,0
20260326,2026,3,26,4,2,8,3,8,298,1
20260326,2026,3,26,4,2,8,8,21,228,0
20260326,2026,3,26,4,2,8,13,26,288,1
20260326,2026,3,26,4,2,8,21,18,70,0
20260327,2026,3,27,5,2,9,5,27,301,1
20260327,2026,3,27,5,2,9,11,18,225,0
20260327,2026,3,27,5,2,9,16,1,269,1
20260327,2026,3,27,5,2,9,23,11,68,0
20260328,2026,3,28,6,2,10,6,39,328,1
20260328,2026,3,28,6,2,10,12,38,180,0
20260328,2026,3,28,6,2,10,17,53,298,1
20260329,2026,3,29,0,2,11,0,27,44,0
20260329,2026,3,29,0,2,11,7,19,356,1
20260329,2026,3,29,0,2,11,13,20,133,0
20260329,2026,3,29,0,2,11,18,56,339,1
20260330,2026,3,30,1,2,12,1,18,22,0
20260330,2026,3,30,1,2,12,7,50,379,1
20260330,2026,3,30,1,2,12,13,54,89,0
20260330,2026,3,30,1,2,12,19,43,374,1
20260331,2026,3,31,2,2,13,2,0,9,0
20260331,2026,3,31,2,2,13,8,17,398,1
20260331,2026,3,31,2,2,13,14,26,48,0
20260331,2026,3,31,2,2,13,20,24,401,1
20260401,2026,4,1,3,2,14,2,36,9,0
20260401,2026,4,1,3,2,14,8,42,412,1
20260401,2026,4,1,3,2,14,14,57,17,0
20260401,2026,4,1,3,2,14,21,0,417,1
20260402,2026,4,2,4,2,15,3,10,19,0
20260402,2026,4,2,4,2,15,9,6,417,1
20260402,2026,4,2,4,2,15,15,26,-2,0
20260402,2026,4,2,4,2,15,21,35,422,1
20260403,2026,4,3,5,2,16,3,42,38,0
20260403,2026,4,3,5,2,16,9,29,415,1
20260403,2026,4,3,5,2,16,15,54,-14,0
20260403,2026,4,3,5,2,16,22,7,417,1
20260404,2026,4,4,6,2,17,4,11,63,0
20260404,2026,4,4,6,2,17,9,52,407,1
20260404,2026,4,4,6,2,17,16,21,-16,0
20260404,2026,4,4,6,2,17,22,39,403,1
20260405,2026,4,5,0,2,18,4,40,90,0
20260405,2026,4,5,0,2,18,10,15,395,1
20260405,2026,4,5,0,2,18,16,48,-7,0
20260405,2026,4,5,0,2,18,23,10,384,1
20260406,2026,4,6,1,2,19,5,7,121,0
20260406,2026,4,6,1,2,19,10,38,378,1
20260406,2026,4,6,1,2,19,17,16,7,0
20260406,2026,4,6,1,2,19,23,43,359,1
20260407,2026,4,7,2,2,20,5,34,150,0
20260407,2026,4,7,2,2,20,11,2,357,1
20260407,2026,4,7,2,2,20,17,47,31,0
20260408,2026,4,8,3,2,21,0,21,330,1
20260408,2026,4,8,3,2,21,6,3,177,0
20260408,2026,4,8,3,2,21,11,27,332,1
20260408,2026,4,8,3,2,21,18,24,60,0
20260409,2026,4,9,4,2,22,1,10,298,1
20260409,2026,4,9,4,2,22,6,39,204,0
20260409,2026,4,9,4,2,22,11,57,305,1
20260409,2026,4,9,4,2,22,19,13,92,0
20260410,2026,4,10,5,2,23,2,36,274,1
20260410,2026,4,10,5,2,23,7,44,230,0
20260410,2026,4,10,5,2,23,12,45,274,1
20260410,2026,4,10,5,2,23,20,32,116,0
20260411,2026,4,11,6,2,24,4,59,277,1
20260411,2026,4,11,6,2,24,10,43,230,0
20260411,2026,4,11,6,2,24,15,6,254,1
20260411,2026,4,11,6,2,24,22,30,119,0
20260412,2026,4,12,0,2,25,6,7,303,1
20260412,2026,4,12,0,2,25,12,9,194,0
20260412,2026,4,12,0,2,25,17,15,274,1
20260412,2026,4,12,0,2,25,23,51,95,0
20260413,2026,4,13,1,2,26,6,43,333,1
20260413,2026,4,13,1,2,26,12,46,150,0
20260413,2026,4,13,1,2,26,18,20,313,1
20260414,2026,4,14,2,2,27,0,43,68,0
20260414,2026,4,14,2,2,27,7,11,364,1
20260414,2026,4,14,2,2,27,13,18,101,0
20260414,2026,4,14,2,2,27,19,8,357,1
20260415,2026,4,15,3,2,28,1,25,46,0
20260415,2026,4,15,3,2,28,7,39,393,1
20260415,2026,4,15,3,2,28,13,51,50,0
20260415,2026,4,15,3,2,28,19,50,401,1
20260416,2026,4,16,4,2,29,2,5,33,0
20260416,2026,4,16,4,2,29,8,8,417,1
20260416,2026,4,16,4,2,29,14,25,0,0
20260416,2026,4,16,4,2,29,20,33,437,1
20260417,2026,4,17,5,3,1,2,45,31,0
20260417,2026,4,17,5,3,1,8,38,434,1
20260417,2026,4,17,5,3,1,15,0,-41,0
20260417,2026,4,17,5,3,1,21,15,459,1
20260418,2026,4,18,6,3,2,3,25,43,0
20260418,2026,4,18,6,3,2,9,10,439,1
20260418,2026,4,18,6,3,2,15,38,-69,0
20260418,2026,4,18,6,3,2,22,0,464,1
20260419,2026,4,19,0,3,3,4,6,67,0
20260419,2026,4,19,0,3,3,9,43,434,1
20260419,2026,4,19,0,3,3,16,18,-77,0
20260419,2026,4,19,0,3,3,22,46,452,1
20260420,2026,4,20,1,3,4,4,47,101,0
20260420,2026,4,20,1,3,4,10,18,418,1
20260420,2026,4,20,1,3,4,17,0,-67,0
20260420,2026,4,20,1,3,4,23,35,425,1
20260421,2026,4,21,2,3,5,5,31,138,0
20260421,2026,4,21,2,3,5,10,54,393,1
20260421,2026,4,21,2,3,5,17,46,-38,0
20260422,2026,4,22,3,3,6,0,31,388,1
20260422,2026,4,22,3,3,6,6,18,175,0
20260422,2026,4,22,3,3,6,11,36,361,1
20260422,2026,4,22,3,3,6,18,38,0,0
20260423,2026,4,23,4,3,7,1,39,350,1
20260423,2026,4,23,4,3,7,7,18,206,0
20260423,2026,4,23,4,3,7,12,29,325,1
20260423,2026,4,23,4,3,7,19,43,44,0
20260424,2026,4,24,5,3,8,3,9,327,1
20260424,2026,4,24,5,3,8,8,51,220,0
20260424,2026,4,24,5,3,8,13,58,293,1
20260424,2026,4,24,5,3,8,21,7,78,0
20260425,2026,4,25,6,3,9,4,43,325,1
20260425,2026,4,25,6,3,9,10,46,201,0
20260425,2026,4,25,6,3,9,16,4,288,1
20260425,2026,4,25,6,3,9,22,40,90,0
20260426,2026,4,26,0,3,10,5,47,339,1
20260426,2026,4,26,0,3,10,11,57,160,0
20260426,2026,4,26,0,3,10,17,36,310,1
20260426,2026,4,26,0,3,10,23,52,89,0
20260427,2026,4,27,1,3,11,6,29,356,1
20260427,2026,4,27,1,3,11,12,42,116,0
20260427,2026,4,27,1,3,11,18,38,342,1
20260428,2026,4,28,2,3,12,0,45,84,0
20260428,2026,4,28,2,3,12,7,2,371,1
20260428,2026,4,28,2,3,12,13,19,75,0
20260428,2026,4,28,2,3,12,19,26,369,1
20260429,2026,4,29,3,3,13,1,29,84,0
20260429,2026,4,29,3,3,13,7,30,386,1
20260429,2026,4,29,3,3,13,13,53,41,0
20260429,2026,4,29,3,3,13,20,7,391,1
20260430,2026,4,30,4,3,14,2,7,87,0
20260430,2026,4,30,4,3,14,7,57,396,1
20260430,2026,4,30,4,3,14,14,24,14,0
20260430,2026,4,30,4,3,14,20,44,407,1
20260501,2026,5,1,5,3,15,2,43,95,0
20260501,2026,5,1,5,3,15,8,24,400,1
20260501,2026,5,1,5,3,15,14,54,-2,0
20260501,2026,5,1,5,3,15,21,18,415,1
20260502,2026,5,2,6,3,16,3,16,107,0
20260502,2026,5,2,6,3,16,8,51,401,1
20260502,2026,5,2,6,3,16,15,23,-12,0
20260502,2026,5,2,6,3,16,21,52,415,1
20260503,2026,5,3,0,3,17,3,48,121,0
20260503,2026,5,3,0,3,17,9,18,396,1
20260503,2026,5,3,0,3,17,15,52,-12,0
20260503,2026,5,3,0,3,17,22,24,407,1
20260504,2026,5,4,1,3,18,4,20,136,0
20260504,2026,5,4,1,3,18,9,45,388,1
20260504,2026,5,4,1,3,18,16,23,-6,0
20260504,2026,5,4,1,3,18,22,57,393,1
20260505,2026,5,5,2,3,19,4,50,153,0
20260505,2026,5,5,2,3,19,10,14,376,1
20260505,2026,5,5,2,3,19,16,55,9,0
20260505,2026,5,5,2,3,19,23,32,374,1
20260506,2026,5,6,3,3,20,5,22,172,0
20260506,2026,5,6,3,3,20,10,43,359,1
20260506,2026,5,6,3,3,20,17,29,29,0
20260507,2026,5,7,4,3,21,0,11,352,1
20260507,2026,5,7,4,3,21,5,57,191,0
20260507,2026,5,7,4,3,21,11,16,339,1
20260507,2026,5,7,4,3,21,18,8,56,0
20260508,2026,5,8,5,3,22,0,59,330,1
20260508,2026,5,8,5,3,22,6,42,208,0
20260508,2026,5,8,5,3,22,11,56,316,1
20260508,2026,5,8,5,3,22,18,56,84,0
20260509,2026,5,9,6,3,23,2,3,313,1
20260509,2026,5,9,6,3,23,7,49,218,0
20260509,2026,5,9,6,3,23,12,55,293,1
20260509,2026,5,9,6,3,23,19,59,107,0
20260510,2026,5,10,0,3,24,3,25,310,1
20260510,2026,5,10,0,3,24,9,26,213,0
20260510,2026,5,10,0,3,24,14,35,279,1
20260510,2026,5,10,0,3,24,21,20,121,0
20260511,2026,5,11,1,3,25,4,37,323,1
20260511,2026,5,11,1,3,25,10,51,182,0
20260511,2026,5,11,1,3,25,16,21,291,1
20260511,2026,5,11,1,3,25,22,42,121,0
20260512,2026,5,12,2,3,26,5,28,345,1
20260512,2026,5,12,2,3,26,11,46,138,0
20260512,2026,5,12,2,3,26,17,37,325,1
20260512,2026,5,12,2,3,26,23,48,112,0
20260513,2026,5,13,3,3,27,6,8,369,1
20260513,2026,5,13,3,3,27,12,29,85,0
20260513,2026,5,13,3,3,27,18,36,366,1
20260514,2026,5,14,4,3,28,0,42,102,0
20260514,2026,5,14,4,3,28,6,45,393,1
20260514,2026,5,14,4,3,28,13,10,31,0
20260514,2026,5,14,4,3,28,19,27,408,1
20260515,2026,5,15,5,3,29,1,32,99,0
20260515,2026,5,15,5,3,29,7,22,413,1
20260515,2026,5,15,5,3,29,13,51,-18,0
20260515,2026,5,15,5,3,29,20,16,441,1
20260516,2026,5,16,6,3,30,2,20,101,0
20260516,2026,5,16,6,3,30,8,0,427,1
20260516,2026,5,16,6,3,30,14,34,-55,0
20260516,2026,5,16,6,3,30,21,5,463,1
20260517,2026,5,17,0,4,1,3,7,109,0
20260517,2026,5,17,0,4,1,8,40,432,1
20260517,2026,5,17,0,4,1,15,18,-79,0
20260517,2026,5,17,0,4,1,21,55,468,1
20260518,2026,5,18,1,4,2,3,54,126,0
20260518,2026,5,18,1,4,2,9,21,430,1
20260518,2026,5,18,1,4,2,16,4,-82,0
20260518,2026,5,18,1,4,2,22,46,458,1
20260519,2026,5,19,2,4,3,4,42,145,0
20260519,2026,5,19,2,4,3,10,5,418,1
20260519,2026,5,19,2,4,3,16,52,-69,0
20260519,2026,5,19,2,4,3,23,39,437,1
20260520,2026,5,20,3,4,4,5,31,165,0
20260520,2026,5,20,3,4,4,10,51,398,1
20260520,2026,5,20,3,4,4,17,42,-38,0
20260521,2026,5,21,4,4,5,0,34,408,1
20260521,2026,5,21,4,4,5,6,24,182,0
20260521,2026,5,21,4,4,5,11,42,373,1
20260521,2026,5,21,4,4,5,18,35,2,0
20260522,2026,5,22,5,4,6,1,32,381,1
20260522,2026,5,22,5,4,6,7,25,192,0
20260522,2026,5,22,5,4,6,12,44,344,1
20260522,2026,5,22,5,4,6,19,34,46,0
20260523,2026,5,23,6,4,7,2,36,359,1
20260523,2026,5,23,6,4,7,8,36,191,0
20260523,2026,5,23,6,4,7,14,2,318,1
20260523,2026,5,23,6,4,7,20,39,89,0
20260524,2026,5,24,0,4,8,3,40,349,1
20260524,2026,5,24,0,4,8,9,53,175,0
20260524,2026,5,24,0,4,8,15,36,308,1
20260524,2026,5,24,0,4,8,21,50,121,0
20260525,2026,5,25,1,4,9,4,37,347,1
20260525,2026,5,25,1,4,9,11,2,148,0
20260525,2026,5,25,1,4,9,17,3,315,1
20260525,2026,5,25,1,4,9,23,0,141,0
20260526,2026,5,26,2,4,10,5,24,352,1
20260526,2026,5,26,2,4,10,11,56,114,0
20260526,2026,5,26,2,4,10,18,12,333,1
20260527,2026,5,27,3,4,11,0,1,152,0
20260527,2026,5,27,3,4,11,6,4,361,1
20260527,2026,5,27,3,4,11,12,40,82,0
20260527,2026,5,27,3,4,11,19,6,356,1
20260528,2026,5,28,4,4,12,0,53,157,0
20260528,2026,5,28,4,4,12,6,40,369,1
20260528,2026,5,28,4,4,12,13,18,53,0
20260528,2026,5,28,4,4,12,19,51,378,1
20260529,2026,5,29,5,4,13,1,39,160,0
20260529,2026,5,29,5,4,13,7,15,378,1
20260529,2026,5,29,5,4,13,13,53,31,0
20260529,2026,5,29,5,4,13,20,30,395,1
20260530,2026,5,30,6,4,14,2,19,160,0
20260530,2026,5,30,6,4,14,7,48,384,1
20260530,2026,5,30,6,4,14,14,26,14,0
20260530,2026,5,30,6,4,14,21,6,405,1
20260531,2026,5,31,0,4,15,2,57,162,0
20260531,2026,5,31,0,4,15,8,22,388,1
20260531,2026,5,31,0,4,15,15,0,4,0
20260531,2026,5,31,0,4,15,21,41,410,1
20260601,2026,6,1,1,4,16,3,32,163,0
20260601,2026,6,1,1,4,16,8,55,390,1
20260601,2026,6,1,1,4,16,15,34,0,0
20260601,2026,6,1,1,4,16,22,15,410,1
20260602,2026,6,2,2,4,17,4,6,169,0
20260602,2026,6,2,2,4,17,9,28,388,1
20260602,2026,6,2,2,4,17,16,8,4,0
20260602,2026,6,2,2,4,17,22,49,403,1
20260603,2026,6,3,3,4,18,4,40,174,0
20260603,2026,6,3,3,4,18,10,2,383,1
20260603,2026,6,3,3,4,18,16,43,14,0
20260603,2026,6,3,3,4,18,23,24,393,1
20260604,2026,6,4,4,4,19,5,15,180,0
20260604,2026,6,4,4,4,19,10,36,374,1
20260604,2026,6,4,4,4,19,17,19,27,0
20260605,2026,6,5,5,4,20,0,0,379,1
20260605,2026,6,5,5,4,20,5,53,189,0
20260605,2026,6,5,5,4,20,11,13,361,1
20260605,2026,6,5,5,4,20,17,57,48,0
20260606,2026,6,6,6,4,21,0,41,367,1
20260606,2026,6,6,6,4,21,6,37,194,0
20260606,2026,6,6,6,4,21,11,56,344,1
20260606,2026,6,6,6,4,21,18,40,72,0
20260607,2026,6,7,0,4,22,1,26,359,1
20260607,2026,6,7,0,4,22,7,31,192,0
20260607,2026,6,7,0,4,22,12,50,327,1
20260607,2026,6,7,0,4,22,19,29,97,0
20260608,2026,6,8,1,4,23,2,17,354,1
20260608,2026,6,8,1,4,23,8,34,182,0
20260608,2026,6,8,1,4,23,14,4,315,1
20260608,2026,6,8,1,4,23,20,28,123,0
20260609,2026,6,9,2,4,24,3,13,356,1
20260609,2026,6,9,2,4,24,9,42,158,0
20260609,2026,6,9,2,4,24,15,32,316,1
20260609,2026,6,9,2,4,24,21,38,145,0
20260610,2026,6,10,3,4,25,4,10,362,1
20260610,2026,6,10,3,4,25,10,45,123,0
20260610,2026,6,10,3,4,25,16,56,337,1
20260610,2026,6,10,3,4,25,22,51,158,0
20260611,2026,6,11,4,4,26,5,3,373,1
20260611,2026,6,11,4,4,26,11,42,77,0
20260611,2026,6,11,4,4,26,18,8,369,1
20260612,2026,6,12,5,4,27,0,1,165,0
20260612,2026,6,12,5,4,27,5,54,388,1
20260612,2026,6,12,5,4,27,12,35,29,0
20260612,2026,6,12,5,4,27,19,10,405,1
20260613,2026,6,13,6,4,28,1,5,165,0
20260613,2026,6,13,6,4,28,6,43,403,1
20260613,2026,6,13,6,4,28,13,26,-12,0
20260613,2026,6,13,6,4,28,20,8,437,1
20260614,2026,6,14,0,4,29,2,3,163,0
20260614,2026,6,14,0,4,29,7,33,418,1
20260614,2026,6,14,0,4,29,14,16,-48,0
20260614,2026,6,14,0,4,29,21,2,459,1
20260615,2026,6,15,1,5,1,2,57,162,0
20260615,2026,6,15,1,5,1,8,22,429,1
20260615,2026,6,15,1,5,1,15,7,-69,0
20260615,2026,6,15,1,5,1,21,54,469,1
20260616,2026,6,16,2,5,2,3,49,160,0
20260616,2026,6,16,2,5,2,9,12,435,1
20260616,2026,6,16,2,5,2,15,57,-74,0
20260616,2026,6,16,2,5,2,22,44,468,1
20260617,2026,6,17,3,5,3,4,38,160,0
20260617,2026,6,17,3,5,3,10,1,434,1
20260617,2026,6,17,3,5,3,16,46,-62,0
20260617,2026,6,17,3,5,3,23,32,456,1
20260618,2026,6,18,4,5,4,5,26,160,0
20260618,2026,6,18,4,5,4,10,51,424,1
20260618,2026,6,18,4,5,4,17,35,-33,0
20260619,2026,6,19,5,5,5,0,18,435,1
20260619,2026,6,19,5,5,5,6,15,162,0
20260619,2026,6,19,5,5,5,11,42,403,1
20260619,2026,6,19,5,5,5,18,22,7,0
20260620,2026,6,20,6,5,6,1,2,413,1
20260620,2026,6,20,6,5,6,7,5,162,0
20260620,2026,6,20,6,5,6,12,37,376,1
20260620,2026,6,20,6,5,6,19,9,56,0
20260621,2026,6,21,0,5,7,1,44,391,1
20260621,2026,6,21,0,5,7,7,57,160,0
20260621,2026,6,21,0,5,7,13,39,347,1
20260621,2026,6,21,0,5,7,19,57,109,0
20260622,2026,6,22,1,5,8,2,28,373,1
20260622,2026,6,22,1,5,8,8,55,155,0
20260622,2026,6,22,1,5,8,14,53,323,1
20260622,2026,6,22,1,5,8,20,50,155,0
20260623,2026,6,23,2,5,9,3,14,359,1
20260623,2026,6,23,2,5,9,9,58,145,0
20260623,2026,6,23,2,5,9,16,19,315,1
20260623,2026,6,23,2,5,9,21,53,192,0
20260624,2026,6,24,3,5,10,4,5,350,1
20260624,2026,6,24,3,5,10,11,1,128,0
20260624,2026,6,24,3,5,10,17,42,323,1
20260624,2026,6,24,3,5,10,23,7,214,0
20260625,2026,6,25,4,5,11,4,58,349,1
20260625,2026,6,25,4,5,11,11,58,106,0
20260625,2026,6,25,4,5,11,18,50,342,1
20260626,2026,6,26,5,5,12,0,19,221,0
20260626,2026,6,26,5,5,12,5,51,354,1
20260626,2026,6,26,5,5,12,12,46,82,0
20260626,2026,6,26,5,5,12,19,40,366,1
20260627,2026,6,27,6,5,13,1,17,216,0
20260627,2026,6,27,6,5,13,6,40,362,1
20260627,2026,6,27,6,5,13,13,29,60,0
20260627,2026,6,27,6,5,13,20,22,386,1
20260628,2026,6,28,0,5,14,2,4,206,0
20260628,2026,6,28,0,5,14,7,24,374,1
20260628,2026,6,28,0,5,14,14,8,41,0
20260628,2026,6,28,0,5,14,20,58,401,1
20260629,2026,6,29,1,5,15,2,44,196,0
20260629,2026,6,29,1,5,15,8,5,386,1
20260629,2026,6,29,1,5,15,14,45,24,0
20260629,2026,6,29,1,5,15,21,32,413,1
20260630,2026,6,30,2,5,16,3,20,187,0
20260630,2026,6,30,2,5,16,8,42,396,1
20260630,2026,6,30,2,5,16,15,22,14,0
20260630,2026,6,30,2,5,16,22,4,418,1
20260701,2026,7,1,3,5,17,3,54,180,0
20260701,2026,7,1,3,5,17,9,18,403,1
20260701,2026,7,1,3,5,17,15,57,10,0
20260701,2026,7,1,3,5,17,22,36,422,1
20260702,2026,7,2,4,5,18,4,28,175,0
20260702,2026,7,2,4,5,18,9,53,407,1
20260702,2026,7,2,4,5,18,16,31,14,0
20260702,2026,7,2,4,5,18,23,7,420,1
20260703,2026,7,3,5,5,19,5,2,172,0
20260703,2026,7,3,5,5,19,10,28,405,1
20260703,2026,7,3,5,5,19,17,6,24,0
20260703,2026,7,3,5,5,19,23,38,417,1
20260704,2026,7,4,6,5,20,5,38,167,0
20260704,2026,7,4,6,5,20,11,5,396,1
20260704,2026,7,4,6,5,20,17,41,43,0
20260705,2026,7,5,0,5,21,0,10,412,1
20260705,2026,7,5,0,5,21,6,17,163,0
20260705,2026,7,5,0,5,21,11,46,383,1
20260705,2026,7,5,0,5,21,18,18,68,0
20260706,2026,7,6,1,5,22,0,44,405,1
20260706,2026,7,6,1,5,22,7,0,157,0
20260706,2026,7,6,1,5,22,12,34,367,1
20260706,2026,7,6,1,5,22,18,58,101,0
20260707,2026,7,7,2,5,23,1,21,395,1
20260707,2026,7,7,2,5,23,7,49,148,0
20260707,2026,7,7,2,5,23,13,35,350,1
20260707,2026,7,7,2,5,23,19,46,138,0
20260708,2026,7,8,3,5,24,2,5,384,1
20260708,2026,7,8,3,5,24,8,47,135,0
20260708,2026,7,8,3,5,24,14,53,340,1
20260708,2026,7,8,3,5,24,20,45,177,0
20260709,2026,7,9,4,5,25,2,58,376,1
20260709,2026,7,9,4,5,25,9,53,114,0
20260709,2026,7,9,4,5,25,16,23,345,1
20260709,2026,7,9,4,5,25,22,1,209,0
20260710,2026,7,10,5,5,26,4,2,373,1
20260710,2026,7,10,5,5,26,11,3,84,0
20260710,2026,7,10,5,5,26,17,53,367,1
20260710,2026,7,10,5,5,26,23,32,225,0
20260711,2026,7,11,6,5,27,5,13,378,1
20260711,2026,7,11,6,5,27,12,12,46,0
20260711,2026,7,11,6,5,27,19,9,400,1
20260712,2026,7,12,0,5,28,0,55,220,0
20260712,2026,7,12,0,5,28,6,21,393,1
20260712,2026,7,12,0,5,28,13,13,5,0
20260712,2026,7,12,0,5,28,20,10,434,1
20260713,2026,7,13,1,5,29,2,0,204,0
20260713,2026,7,13,1,5,29,7,22,415,1
20260713,2026,7,13,1,5,29,14,9,-29,0
20260713,2026,7,13,1,5,29,21,2,461,1
20260714,2026,7,14,2,6,1,2,53,184,0
20260714,2026,7,14,2,6,1,8,18,439,1
20260714,2026,7,14,2,6,1,15,1,-52,0
20260714,2026,7,14,2,6,1,21,48,476,1
20260715,2026,7,15,3,6,2,3,41,163,0
20260715,2026,7,15,3,6,2,9,9,456,1
20260715,2026,7,15,3,6,2,15,50,-60,0
20260715,2026,7,15,3,6,2,22,30,481,1
20260716,2026,7,16,4,6,3,4,26,146,0
20260716,2026,7,16,4,6,3,9,57,463,1
20260716,2026,7,16,4,6,3,16,35,-46,0
20260716,2026,7,16,4,6,3,23,8,476,1
20260717,2026,7,17,5,6,4,5,8,135,0
20260717,2026,7,17,5,6,4,10,43,456,1
20260717,2026,7,17,5,6,4,17,17,-16,0
20260717,2026,7,17,5,6,4,23,44,461,1
20260718,2026,7,18,6,6,5,5,49,129,0
20260718,2026,7,18,6,6,5,11,28,435,1
20260718,2026,7,18,6,6,5,17,57,29,0
20260719,2026,7,19,0,6,6,0,16,441,1
20260719,2026,7,19,0,6,6,6,29,128,0
20260719,2026,7,19,0,6,6,12,14,405,1
20260719,2026,7,19,0,6,6,18,34,82,0
20260720,2026,7,20,1,6,7,0,45,418,1
20260720,2026,7,20,1,6,7,7,10,133,0
20260720,2026,7,20,1,6,7,13,3,371,1
20260720,2026,7,20,1,6,7,19,10,138,0
20260721,2026,7,21,2,6,8,1,15,395,1
20260721,2026,7,21,2,6,8,7,54,140,0
20260721,2026,7,21,2,6,8,14,2,339,1
20260721,2026,7,21,2,6,8,19,48,189,0
20260722,2026,7,22,3,6,9,1,48,373,1
20260722,2026,7,22,3,6,9,8,47,146,0
20260722,2026,7,22,3,6,9,15,24,316,1
20260722,2026,7,22,3,6,9,20,38,233,0
20260723,2026,7,23,4,6,10,2,34,354,1
20260723,2026,7,23,4,6,10,9,56,148,0
20260723,2026,7,23,4,6,10,17,13,315,1
20260723,2026,7,23,4,6,10,22,0,262,0
20260724,2026,7,24,5,6,11,3,43,339,1
20260724,2026,7,24,5,6,11,11,15,138,0
20260724,2026,7,24,5,6,11,18,42,335,1
20260724,2026,7,24,5,6,11,23,57,265,0
20260725,2026,7,25,6,6,12,5,9,339,1
20260725,2026,7,25,6,6,12,12,23,116,0
20260725,2026,7,25,6,6,12,19,35,361,1
20260726,2026,7,26,0,6,13,1,10,248,0
20260726,2026,7,26,0,6,13,6,19,352,1
20260726,2026,7,26,0,6,13,13,14,90,0
20260726,2026,7,26,0,6,13,20,14,386,1
20260727,2026,7,27,1,6,14,1,56,228,0
20260727,2026,7,27,1,6,14,7,12,373,1
20260727,2026,7,27,1,6,14,13,56,63,0
20260727,2026,7,27,1,6,14,20,46,407,1
20260728,2026,7,28,2,6,15,2,32,208,0
20260728,2026,7,28,2,6,15,7,54,395,1
20260728,2026,7,28,2,6,15,14,33,41,0
20260728,2026,7,28,2,6,15,21,16,424,1
20260729,2026,7,29,3,6,16,3,5,189,0
20260729,2026,7,29,3,6,16,8,32,413,1
20260729,2026,7,29,3,6,16,15,8,24,0
20260729,2026,7,29,3,6,16,21,44,437,1
20260730,2026,7,30,4,6,17,3,36,172,0
20260730,2026,7,30,4,6,17,9,6,430,1
20260730,2026,7,30,4,6,17,15,41,16,0
20260730,2026,7,30,4,6,17,22,11,447,1
20260731,2026,7,31,5,6,18,4,7,155,0
20260731,2026,7,31,5,6,18,9,41,439,1
20260731,2026,7,31,5,6,18,16,13,16,0
20260731,2026,7,31,5,6,18,22,38,454,1
20260801,2026,8,1,6,6,19,4,39,140,0
20260801,2026,8,1,6,6,19,10,15,442,1
20260801,2026,8,1,6,6,19,16,46,26,0
20260801,2026,8,1,6,6,19,23,4,454,1
20260802,2026,8,2,0,6,20,5,12,128,0
20260802,2026,8,2,0,6,20,10,51,437,1
20260802,2026,8,2,0,6,20,17,18,48,0
20260802,2026,8,2,0,6,20,23,31,451,1
20260803,2026,8,3,1,6,21,5,47,118,0
20260803,2026,8,3,1,6,21,11,31,425,1
20260803,2026,8,3,1,6,21,17,52,82,0
20260803,2026,8,3,1,6,21,23,59,439,1
20260804,2026,8,4,2,6,22,6,25,112,0
20260804,2026,8,4,2,6,22,12,15,405,1
20260804,2026,8,4,2,6,22,18,29,123,0
20260805,2026,8,5,3,6,23,0,30,424,1
20260805,2026,8,5,3,6,23,7,9,111,0
20260805,2026,8,5,3,6,23,13,11,379,1
20260805,2026,8,5,3,6,23,19,10,170,0
20260806,2026,8,6,4,6,24,1,7,403,1
20260806,2026,8,6,4,6,24,8,3,114,0
20260806,2026,8,6,4,6,24,14,25,354,1
20260806,2026,8,6,4,6,24,20,3,218,0
20260807,2026,8,7,5,6,25,1,56,379,1
20260807,2026,8,7,5,6,25,9,12,114,0
20260807,2026,8,7,5,6,25,16,11,345,1
20260807,2026,8,7,5,6,25,21,27,257,0
20260808,2026,8,8,6,6,26,3,13,361,1
20260808,2026,8,8,6,6,26,10,40,101,0
20260808,2026,8,8,6,6,26,18,5,366,1
20260808,2026,8,8,6,6,26,23,35,267,0
20260809,2026,8,9,0,6,27,4,55,362,1
20260809,2026,8,9,0,6,27,12,5,68,0
20260809,2026,8,9,0,6,27,19,19,401,1
20260810,2026,8,10,1,6,28,1,5,242,0
20260810,2026,8,10,1,6,28,6,20,388,1
20260810,2026,8,10,1,6,28,13,11,27,0
20260810,2026,8,10,1,6,28,20,9,439,1
20260811,2026,8,11,2,6,29,2,0,208,0
20260811,2026,8,11,2,6,29,7,24,424,1
20260811,2026,8,11,2,6,29,14,5,-7,0
20260811,2026,8,11,2,6,29,20,51,468,1
20260812,2026,8,12,3,6,30,2,44,170,0
20260812,2026,8,12,3,6,30,8,16,458,1
20260812,2026,8,12,3,6,30,14,52,-29,0
20260812,2026,8,12,3,6,30,21,27,485,1
20260813,2026,8,13,4,7,1,3,24,138,0
20260813,2026,8,13,4,7,1,9,2,480,1
20260813,2026,8,13,4,7,1,15,35,-33,0
20260813,2026,8,13,4,7,1,22,1,493,1
20260814,2026,8,14,5,7,2,4,3,112,0
20260814,2026,8,14,5,7,2,9,45,486,1
20260814,2026,8,14,5,7,2,16,14,-16,0
20260814,2026,8,14,5,7,2,22,31,488,1
20260815,2026,8,15,6,7,3,4,39,97,0
20260815,2026,8,15,6,7,3,10,26,478,1
20260815,2026,8,15,6,7,3,16,51,19,0
20260815,2026,8,15,6,7,3,22,59,476,1
20260816,2026,8,16,0,7,4,5,14,90,0
20260816,2026,8,16,0,7,4,11,6,456,1
20260816,2026,8,16,0,7,4,17,24,67,0
20260816,2026,8,16,0,7,4,23,24,458,1
20260817,2026,8,17,1,7,5,5,47,94,0
20260817,2026,8,17,1,7,5,11,45,425,1
20260817,2026,8,17,1,7,5,17,55,118,0
20260817,2026,8,17,1,7,5,23,47,434,1
20260818,2026,8,18,2,7,6,6,20,106,0
20260818,2026,8,18,2,7,6,12,25,388,1
20260818,2026,8,18,2,7,6,18,24,169,0
20260819,2026,8,19,3,7,7,0,10,410,1
20260819,2026,8,19,3,7,7,6,56,123,0
20260819,2026,8,19,3,7,7,13,13,352,1
20260819,2026,8,19,3,7,7,18,54,216,0
20260820,2026,8,20,4,7,8,0,35,383,1
20260820,2026,8,20,4,7,8,7,40,143,0
20260820,2026,8,20,4,7,8,14,24,322,1
20260820,2026,8,20,4,7,8,19,32,255,0
20260821,2026,8,21,5,7,9,1,8,356,1
20260821,2026,8,21,5,7,9,8,43,162,0
20260821,2026,8,21,5,7,9,16,41,311,1
20260821,2026,8,21,5,7,9,20,50,288,0
20260822,2026,8,22,6,7,10,2,17,328,1
20260822,2026,8,22,6,7,10,10,27,165,0
20260822,2026,8,22,6,7,10,18,37,333,1
20260823,2026,8,23,0,7,11,0,3,286,0
20260823,2026,8,23,0,7,11,4,37,322,1
20260823,2026,8,23,0,7,11,12,3,145,0
20260823,2026,8,23,0,7,11,19,24,362,1
20260824,2026,8,24,1,7,12,1,7,257,0
20260824,2026,8,24,1,7,12,6,7,342,1
20260824,2026,8,24,1,7,12,12,58,112,0
20260824,2026,8,24,1,7,12,19,55,390,1
20260825,2026,8,25,2,7,13,1,42,226,0
20260825,2026,8,25,2,7,13,7,0,373,1
20260825,2026,8,25,2,7,13,13,38,80,0
20260825,2026,8,25,2,7,13,20,22,413,1
20260826,2026,8,26,3,7,14,2,12,197,0
20260826,2026,8,26,3,7,14,7,40,403,1
20260826,2026,8,26,3,7,14,14,13,55,0
20260826,2026,8,26,3,7,14,20,47,435,1
20260827,2026,8,27,4,7,15,2,41,169,0
20260827,2026,8,27,4,7,15,8,16,430,1
20260827,2026,8,27,4,7,15,14,46,34,0
20260827,2026,8,27,4,7,15,21,11,454,1
20260828,2026,8,28,5,7,16,3,9,140,0
20260828,2026,8,28,5,7,16,8,50,452,1
20260828,2026,8,28,5,7,16,15,17,26,0
20260828,2026,8,28,5,7,16,21,35,469,1
20260829,2026,8,29,6,7,17,3,39,112,0
20260829,2026,8,29,6,7,17,9,24,469,1
20260829,2026,8,29,6,7,17,15,49,27,0
20260829,2026,8,29,6,7,17,22,0,478,1
20260830,2026,8,30,0,7,18,4,10,89,0
20260830,2026,8,30,0,7,18,9,59,475,1
20260830,2026,8,30,0,7,18,16,21,43,0
20260830,2026,8,30,0,7,18,22,25,480,1
20260831,2026,8,31,1,7,19,4,42,72,0
20260831,2026,8,31,1,7,19,10,36,469,1
20260831,2026,8,31,1,7,19,16,54,72,0
20260831,2026,8,31,1,7,19,22,51,471,1
20260901,2026,9,1,2,7,20,5,16,63,0
20260901,2026,9,1,2,7,20,11,16,454,1
20260901,2026,9,1,2,7,20,17,28,111,0
20260901,2026,9,1,2,7,20,23,18,454,1
20260902,2026,9,2,3,7,21,5,54,65,0
20260902,2026,9,2,3,7,21,12,0,425,1
20260902,2026,9,2,3,7,21,18,3,158,0
20260902,2026,9,2,3,7,21,23,47,430,1
20260903,2026,9,3,4,7,22,6,36,78,0
20260903,2026,9,3,4,7,22,12,55,390,1
20260903,2026,9,3,4,7,22,18,44,208,0
20260904,2026,9,4,5,7,23,0,21,401,1
20260904,2026,9,4,5,7,23,7,31,99,0
20260904,2026,9,4,5,7,23,14,16,356,1
20260904,2026,9,4,5,7,23,19,40,255,0
20260905,2026,9,5,6,7,24,1,8,367,1
20260905,2026,9,5,6,7,24,8,48,118,0
20260905,2026,9,5,6,7,24,16,31,345,1
20260905,2026,9,5,6,7,24,21,35,288,0
20260906,2026,9,6,0,7,25,2,52,340,1
20260906,2026,9,6,0,7,25,10,36,114,0
20260906,2026,9,6,0,7,25,18,20,373,1
20260907,2026,9,7,1,7,26,0,7,267,0
20260907,2026,9,7,1,7,26,5,8,350,1
20260907,2026,9,7,1,7,26,12,5,82,0
20260907,2026,9,7,1,7,26,19,14,408,1
20260908,2026,9,8,2,7,27,1,7,223,0
20260908,2026,9,8,2,7,27,6,28,390,1
20260908,2026,9,8,2,7,27,13,5,44,0
20260908,2026,9,8,2,7,27,19,53,441,1
20260909,2026,9,9,3,7,28,1,48,177,0
20260909,2026,9,9,3,7,28,7,23,432,1
20260909,2026,9,9,3,7,28,13,53,17,0
20260909,2026,9,9,3,7,28,20,25,466,1
20260910,2026,9,10,4,7,29,2,25,133,0
20260910,2026,9,10,4,7,29,8,9,466,1
20260910,2026,9,10,4,7,29,14,34,4,0
20260910,2026,9,10,4,7,29,20,55,483,1
20260911,2026,9,11,5,8,1,3,0,95,0
20260911,2026,9,11,5,8,1,8,51,486,1
20260911,2026,9,11,5,8,1,15,12,10,0
20260911,2026,9,11,5,8,1,21,23,488,1
20260912,2026,9,12,6,8,2,3,33,68,0
20260912,2026,9,12,6,8,2,9,30,492,1
20260912,2026,9,12,6,8,2,15,48,33,0
20260912,2026,9,12,6,8,2,21,48,485,1
20260913,2026,9,13,0,8,3,4,5,55,0
20260913,2026,9,13,0,8,3,10,7,481,1
20260913,2026,9,13,0,8,3,16,21,67,0
20260913,2026,9,13,0,8,3,22,12,473,1
20260914,2026,9,14,1,8,4,4,36,51,0
20260914,2026,9,14,1,8,4,10,43,461,1
20260914,2026,9,14,1,8,4,16,51,109,0
20260914,2026,9,14,1,8,4,22,35,456,1
20260915,2026,9,15,2,8,5,5,6,58,0
20260915,2026,9,15,2,8,5,11,18,432,1
20260915,2026,9,15,2,8,5,17,19,152,0
20260915,2026,9,15,2,8,5,22,57,434,1
20260916,2026,9,16,3,8,6,5,35,75,0
20260916,2026,9,16,3,8,6,11,53,398,1
20260916,2026,9,16,3,8,6,17,46,192,0
20260916,2026,9,16,3,8,6,23,19,408,1
20260917,2026,9,17,4,8,7,6,7,99,0
20260917,2026,9,17,4,8,7,12,35,362,1
20260917,2026,9,17,4,8,7,18,14,230,0
20260917,2026,9,17,4,8,7,23,42,379,1
20260918,2026,9,18,5,8,8,6,46,128,0
20260918,2026,9,18,5,8,8,13,35,330,1
20260918,2026,9,18,5,8,8,18,49,262,0
20260919,2026,9,19,6,8,9,0,9,349,1
20260919,2026,9,19,6,8,9,7,42,157,0
20260919,2026,9,19,6,8,9,15,48,310,1
20260919,2026,9,19,6,8,9,20,5,289,0
20260920,2026,9,20,0,8,10,0,58,316,1
20260920,2026,9,20,0,8,10,9,25,175,0
20260920,2026,9,20,0,8,10,18,8,328,1
20260921,2026,9,21,1,8,11,0,2,281,0
20260921,2026,9,21,1,8,11,4,5,303,1
20260921,2026,9,21,1,8,11,11,28,158,0
20260921,2026,9,21,1,8,11,18,52,357,1
20260922,2026,9,22,2,8,12,0,47,245,0
20260922,2026,9,22,2,8,12,5,48,328,1
20260922,2026,9,22,2,8,12,12,28,128,0
20260922,2026,9,22,2,8,12,19,19,384,1
20260923,2026,9,23,3,8,13,1,15,208,0
20260923,2026,9,23,3,8,13,6,40,364,1
20260923,2026,9,23,3,8,13,13,9,97,0
20260923,2026,9,23,3,8,13,19,43,412,1
20260924,2026,9,24,4,8,14,1,41,169,0
20260924,2026,9,24,4,8,14,7,19,400,1
20260924,2026,9,24,4,8,14,13,43,72,0
20260924,2026,9,24,4,8,14,20,6,435,1
20260925,2026,9,25,5,8,15,2,8,129,0
20260925,2026,9,25,5,8,15,7,55,434,1
20260925,2026,9,25,5,8,15,14,16,55,0
20260925,2026,9,25,5,8,15,20,29,458,1
20260926,2026,9,26,6,8,16,2,37,89,0
20260926,2026,9,26,6,8,16,8,30,463,1
20260926,2026,9,26,6,8,16,14,49,48,0
20260926,2026,9,26,6,8,16,20,54,475,1
20260927,2026,9,27,0,8,17,3,7,53,0
20260927,2026,9,27,0,8,17,9,7,483,1
20260927,2026,9,27,0,8,17,15,22,53,0
20260927,2026,9,27,0,8,17,21,20,483,1
20260928,2026,9,28,1,8,18,3,39,24,0
20260928,2026,9,28,1,8,18,9,44,490,1
20260928,2026,9,28,1,8,18,15,57,72,0
20260928,2026,9,28,1,8,18,21,47,481,1
20260929,2026,9,29,2,8,19,4,13,7,0
20260929,2026,9,29,2,8,19,10,24,483,1
20260929,2026,9,29,2,8,19,16,33,104,0
20260929,2026,9,29,2,8,19,22,15,469,1
20260930,2026,9,30,3,8,20,4,50,5,0
20260930,2026,9,30,3,8,20,11,6,463,1
20260930,2026,9,30,3,8,20,17,9,143,0
20260930,2026,9,30,3,8,20,22,45,447,1
20261001,2026,10,1,4,8,21,5,30,19,0
20261001,2026,10,1,4,8,21,11,55,427,1
20261001,2026,10,1,4,8,21,17,49,189,0
20261001,2026,10,1,4,8,21,23,17,417,1
20261002,2026,10,2,5,8,22,6,16,48,0
20261002,2026,10,2,5,8,22,12,56,386,1
20261002,2026,10,2,5,8,22,18,36,233,0
20261002,2026,10,2,5,8,22,23,55,381,1
20261003,2026,10,3,6,8,23,7,15,82,0
20261003,2026,10,3,6,8,23,14,28,352,1
20261003,2026,10,3,6,8,23,19,50,269,0
20261004,2026,10,4,0,8,24,0,56,344,1
20261004,2026,10,4,0,8,24,8,41,111,0
20261004,2026,10,4,0,8,24,16,41,350,1
20261004,2026,10,4,0,8,24,22,23,272,0
20261005,2026,10,5,1,8,25,3,16,320,1
20261005,2026,10,5,1,8,25,10,30,112,0
20261005,2026,10,5,1,8,25,18,2,374,1
20261006,2026,10,6,2,8,26,0,1,231,0
20261006,2026,10,6,2,8,26,5,17,344,1
20261006,2026,10,6,2,8,26,11,52,92,0
20261006,2026,10,6,2,8,26,18,46,401,1
20261007,2026,10,7,3,8,27,0,47,180,0
20261007,2026,10,7,3,8,27,6,25,384,1
20261007,2026,10,7,3,8,27,12,47,68,0
20261007,2026,10,7,3,8,27,19,19,427,1
20261008,2026,10,8,4,8,28,1,24,131,0
20261008,2026,10,8,4,8,28,7,15,422,1
20261008,2026,10,8,4,8,28,13,32,55,0
20261008,2026,10,8,4,8,28,19,48,446,1
20261009,2026,10,9,5,8,29,1,58,87,0
20261009,2026,10,9,5,8,29,7,58,451,1
20261009,2026,10,9,5,8,29,14,11,53,0
20261009,2026,10,9,5,8,29,20,16,458,1
20261010,2026,10,10,6,8,30,2,31,51,0
20261010,2026,10,10,6,8,30,8,38,468,1
20261010,2026,10,10,6,8,30,14,47,65,0
20261010,2026,10,10,6,8,30,20,42,463,1
20261011,2026,10,11,0,9,1,3,3,27,0
20261011,2026,10,11,0,9,1,9,15,471,1
20261011,2026,10,11,0,9,1,15,21,85,0
20261011,2026,10,11,0,9,1,21,7,459,1
20261012,2026,10,12,1,9,2,3,33,16,0
20261012,2026,10,12,1,9,2,9,50,464,1
20261012,2026,10,12,1,9,2,15,53,111,0
20261012,2026,10,12,1,9,2,21,31,449,1
20261013,2026,10,13,2,9,3,4,2,16,0
20261013,2026,10,13,2,9,3,10,24,447,1
20261013,2026,10,13,2,9,3,16,24,141,0
20261013,2026,10,13,2,9,3,21,55,434,1
20261014,2026,10,14,3,9,4,4,31,26,0
20261014,2026,10,14,3,9,4,10,57,425,1
20261014,2026,10,14,3,9,4,16,53,170,0
20261014,2026,10,14,3,9,4,22,20,413,1
20261015,2026,10,15,4,9,5,5,1,44,0
20261015,2026,10,15,4,9,5,11,32,396,1
20261015,2026,10,15,4,9,5,17,22,199,0
20261015,2026,10,15,4,9,5,22,45,391,1
20261016,2026,10,16,5,9,6,5,33,70,0
20261016,2026,10,16,5,9,6,12,12,366,1
20261016,2026,10,16,5,9,6,17,53,225,0
20261016,2026,10,16,5,9,6,23,11,364,1
20261017,2026,10,17,6,9,7,6,11,99,0
20261017,2026,10,17,6,9,7,13,5,335,1
20261017,2026,10,17,6,9,7,18,34,250,0
20261017,2026,10,17,6,9,7,23,43,335,1
20261018,2026,10,18,0,9,8,7,2,131,0
20261018,2026,10,18,0,9,8,14,38,313,1
20261018,2026,10,18,0,9,8,19,53,269,0
20261019,2026,10,19,1,9,9,0,38,303,1
20261019,2026,10,19,1,9,9,8,23,155,0
20261019,2026,10,19,1,9,9,16,48,318,1
20261019,2026,10,19,1,9,9,22,48,259,0
20261020,2026,10,20,2,9,10,3,9,286,1
20261020,2026,10,20,2,9,10,10,17,158,0
20261020,2026,10,20,2,9,10,17,49,340,1
20261020,2026,10,20,2,9,10,23,56,221,0
20261021,2026,10,21,3,9,11,5,6,305,1
20261021,2026,10,21,3,9,11,11,35,138,0
20261021,2026,10,21,3,9,11,18,23,366,1
20261022,2026,10,22,4,9,12,0,31,179,0
20261022,2026,10,22,4,9,12,6,7,340,1
20261022,2026,10,22,4,9,12,12,24,116,0
20261022,2026,10,22,4,9,12,18,51,393,1
20261023,2026,10,23,5,9,13,1,0,131,0
20261023,2026,10,23,5,9,13,6,52,381,1
20261023,2026,10,23,5,9,13,13,4,95,0
20261023,2026,10,23,5,9,13,19,17,418,1
20261024,2026,10,24,6,9,14,1,30,84,0
20261024,2026,10,24,6,9,14,7,32,418,1
20261024,2026,10,24,6,9,14,13,42,82,0
20261024,2026,10,24,6,9,14,19,44,441,1
20261025,2026,10,25,0,9,15,2,2,36,0
20261025,2026,10,25,0,9,15,8,11,452,1
20261025,2026,10,25,0,9,15,14,20,78,0
20261025,2026,10,25,0,9,15,20,12,456,1
20261026,2026,10,26,1,9,16,2,36,-6,0
20261026,2026,10,26,1,9,16,8,51,475,1
20261026,2026,10,26,1,9,16,14,58,87,0
20261026,2026,10,26,1,9,16,20,43,463,1
20261027,2026,10,27,2,9,17,3,12,-35,0
20261027,2026,10,27,2,9,17,9,34,483,1
20261027,2026,10,27,2,9,17,15,38,104,0
20261027,2026,10,27,2,9,17,21,15,459,1
20261028,2026,10,28,3,9,18,3,51,-48,0
20261028,2026,10,28,3,9,18,10,18,475,1
20261028,2026,10,28,3,9,18,16,19,131,0
20261028,2026,10,28,3,9,18,21,50,447,1
20261029,2026,10,29,4,9,19,4,33,-43,0
20261029,2026,10,29,4,9,19,11,6,452,1
20261029,2026,10,29,4,9,19,17,2,163,0
20261029,2026,10,29,4,9,19,22,26,424,1
20261030,2026,10,30,5,9,20,5,18,-21,0
20261030,2026,10,30,5,9,20,12,0,418,1
20261030,2026,10,30,5,9,20,17,49,196,0
20261030,2026,10,30,5,9,20,23,7,393,1
20261031,2026,10,31,6,9,21,6,10,14,0
20261031,2026,10,31,6,9,21,13,5,383,1
20261031,2026,10,31,6,9,21,18,48,225,0
20261031,2026,10,31,6,9,21,23,59,357,1
20261101,2026,11,1,0,9,22,7,12,55,0
20261101,2026,11,1,0,9,22,14,29,356,1
20261101,2026,11,1,0,9,22,20,12,238,0
20261102,2026,11,2,1,9,23,1,19,323,1
20261102,2026,11,2,1,9,23,8,31,89,0
20261102,2026,11,2,1,9,23,16,3,350,1
20261102,2026,11,2,1,9,23,22,3,223,0
20261103,2026,11,3,2,9,24,3,21,310,1
20261103,2026,11,3,2,9,24,10,2,106,0
20261103,2026,11,3,2,9,24,17,12,361,1
20261103,2026,11,3,2,9,24,23,22,184,0
20261104,2026,11,4,3,9,25,5,3,328,1
20261104,2026,11,4,3,9,25,11,19,107,0
20261104,2026,11,4,3,9,25,17,59,376,1
20261105,2026,11,5,4,9,26,0,14,136,0
20261105,2026,11,5,4,9,26,6,11,359,1
20261105,2026,11,5,4,9,26,12,17,104,0
20261105,2026,11,5,4,9,26,18,35,391,1
20261106,2026,11,6,5,9,27,0,54,90,0
20261106,2026,11,6,5,9,27,7,3,388,1
20261106,2026,11,6,5,9,27,13,5,104,0
20261106,2026,11,6,5,9,27,19,6,405,1
20261107,2026,11,7,6,9,28,1,30,51,0
20261107,2026,11,7,6,9,28,7,47,412,1
20261107,2026,11,7,6,9,28,13,46,107,0
20261107,2026,11,7,6,9,28,19,35,415,1
20261108,2026,11,8,0,9,29,2,3,21,0
20261108,2026,11,8,0,9,29,8,27,427,1
20261108,2026,11,8,0,9,29,14,24,116,0
20261108,2026,11,8,0,9,29,20,4,418,1
20261109,2026,11,9,1,10,1,2,35,0,0
20261109,2026,11,9,1,10,1,9,3,434,1
20261109,2026,11,9,1,10,1,14,59,126,0
20261109,2026,11,9,1,10,1,20,32,417,1
20261110,2026,11,10,2,10,2,3,6,-9,0
20261110,2026,11,10,2,10,2,9,38,432,1
20261110,2026,11,10,2,10,2,15,33,140,0
20261110,2026,11,10,2,10,2,21,1,412,1
20261111,2026,11,11,3,10,3,3,37,-9,0
20261111,2026,11,11,3,10,3,10,12,424,1
20261111,2026,11,11,3,10,3,16,6,155,0
20261111,2026,11,11,3,10,3,21,30,401,1
20261112,2026,11,12,4,10,4,4,9,-1,0
20261112,2026,11,12,4,10,4,10,45,407,1
20261112,2026,11,12,4,10,4,16,37,170,0
20261112,2026,11,12,4,10,4,21,59,388,1
20261113,2026,11,13,5,10,5,4,41,14,0
20261113,2026,11,13,5,10,5,11,20,386,1
20261113,2026,11,13,5,10,5,17,10,186,0
20261113,2026,11,13,5,10,5,22,29,369,1
20261114,2026,11,14,6,10,6,5,15,34,0
20261114,2026,11,14,6,10,6,11,59,364,1
20261114,2026,11,14,6,10,6,17,46,201,0
20261114,2026,11,14,6,10,6,23,2,349,1
20261115,2026,11,15,0,10,7,5,54,60,0
20261115,2026,11,15,0,10,7,12,44,342,1
20261115,2026,11,15,0,10,7,18,30,214,0
20261115,2026,11,15,0,10,7,23,41,323,1
20261116,2026,11,16,1,10,8,6,38,89,0
20261116,2026,11,16,1,10,8,13,43,323,1
20261116,2026,11,16,1,10,8,19,34,223,0
20261117,2026,11,17,2,10,9,0,36,298,1
20261117,2026,11,17,2,10,9,7,36,114,0
20261117,2026,11,17,2,10,9,14,59,316,1
20261117,2026,11,17,2,10,9,21,7,218,0
20261118,2026,11,18,3,10,10,2,9,277,1
20261118,2026,11,18,3,10,10,8,52,135,0
20261118,2026,11,18,3,10,10,16,12,325,1
20261118,2026,11,18,3,10,10,22,33,189,0
20261119,2026,11,19,4,10,11,4,0,282,1
20261119,2026,11,19,4,10,11,10,14,140,0
20261119,2026,11,19,4,10,11,17,5,340,1
20261119,2026,11,19,4,10,11,23,29,146,0
20261120,2026,11,20,5,10,12,5,21,311,1
20261120,2026,11,20,5,10,12,11,23,135,0
20261120,2026,11,20,5,10,12,17,46,362,1
20261121,2026,11,21,6,10,13,0,11,95,0
20261121,2026,11,21,6,10,13,6,19,349,1
20261121,2026,11,21,6,10,13,12,19,126,0
20261121,2026,11,21,6,10,13,18,22,383,1
20261122,2026,11,22,0,10,14,0,51,43,0
20261122,2026,11,22,0,10,14,7,9,388,1
20261122,2026,11,22,0,10,14,13,8,118,0
20261122,2026,11,22,0,10,14,18,59,403,1
20261123,2026,11,23,1,10,15,1,30,-6,0
20261123,2026,11,23,1,10,15,7,56,424,1
20261123,2026,11,23,1,10,15,13,55,116,0
20261123,2026,11,23,1,10,15,19,36,418,1
20261124,2026,11,24,2,10,16,2,11,-48,0
20261124,2026,11,24,2,10,16,8,43,447,1
20261124,2026,11,24,2,10,16,14,41,118,0
20261124,2026,11,24,2,10,16,20,15,427,1
20261125,2026,11,25,3,10,17,2,54,-77,0
20261125,2026,11,25,3,10,17,9,31,459,1
20261125,2026,11,25,3,10,17,15,28,126,0
20261125,2026,11,25,3,10,17,20,56,430,1
20261126,2026,11,26,4,10,18,3,39,-89,0
20261126,2026,11,26,4,10,18,10,20,456,1
20261126,2026,11,26,4,10,18,16,14,138,0
20261126,2026,11,26,4,10,18,21,39,422,1
20261127,2026,11,27,5,10,19,4,26,-84,0
20261127,2026,11,27,5,10,19,11,10,439,1
20261127,2026,11,27,5,10,19,17,3,153,0
20261127,2026,11,27,5,10,19,22,25,407,1
20261128,2026,11,28,6,10,20,5,15,-62,0
20261128,2026,11,28,6,10,20,12,3,415,1
20261128,2026,11,28,6,10,20,17,54,167,0
20261128,2026,11,28,6,10,20,23,14,383,1
20261129,2026,11,29,0,10,21,6,7,-26,0
20261129,2026,11,29,0,10,21,12,58,388,1
20261129,2026,11,29,0,10,21,18,51,175,0
20261130,2026,11,30,1,10,22,0,11,352,1
20261130,2026,11,30,1,10,22,7,3,17,0
20261130,2026,11,30,1,10,22,13,57,362,1
20261130,2026,11,30,1,10,22,19,58,177,0
20261201,2026,12,1,2,10,23,1,22,322,1
20261201,2026,12,1,2,10,23,8,4,63,0
20261201,2026,12,1,2,10,23,15,0,347,1
20261201,2026,12,1,2,10,23,21,13,165,0
20261202,2026,12,2,3,10,24,2,54,301,1
20261202,2026,12,2,3,10,24,9,12,104,0
20261202,2026,12,2,3,10,24,16,0,339,1
20261202,2026,12,2,3,10,24,22,27,138,0
20261203,2026,12,3,4,10,25,4,30,301,1
20261203,2026,12,3,4,10,25,10,26,133,0
20261203,2026,12,3,4,10,25,16,54,340,1
20261203,2026,12,3,4,10,25,23,29,104,0
20261204,2026,12,4,5,10,26,5,50,316,1
20261204,2026,12,4,5,10,26,11,35,148,0
20261204,2026,12,4,5,10,26,17,40,345,1
20261205,2026,12,5,6,10,27,0,19,70,0
20261205,2026,12,5,6,10,27,6,52,339,1
20261205,2026,12,5,6,10,27,12,35,155,0
20261205,2026,12,5,6,10,27,18,21,352,1
20261206,2026,12,6,0,10,28,1,2,38,0
20261206,2026,12,6,0,10,28,7,41,361,1
20261206,2026,12,6,0,10,28,13,25,155,0
20261206,2026,12,6,0,10,28,18,59,361,1
20261207,2026,12,7,1,10,29,1,40,12,0
20261207,2026,12,7,1,10,29,8,22,379,1
20261207,2026,12,7,1,10,29,14,8,152,0
20261207,2026,12,7,1,10,29,19,35,367,1
20261208,2026,12,8,2,10,30,2,15,-7,0
20261208,2026,12,8,2,10,30,8,59,391,1
20261208,2026,12,8,2,10,30,14,47,150,0
20261208,2026,12,8,2,10,30,20,10,373,1
20261209,2026,12,9,3,11,1,2,50,-19,0
20261209,2026,12,9,3,11,1,9,33,398,1
20261209,2026,12,9,3,11,1,15,23,148,0
20261209,2026,12,9,3,11,1,20,45,374,1
20261210,2026,12,10,4,11,2,3,23,-24,0
20261210,2026,12,10,4,11,2,10,6,398,1
20261210,2026,12,10,4,11,2,15,56,148,0
20261210,2026,12,10,4,11,2,21,18,374,1
20261211,2026,12,11,5,11,3,3,57,-24,0
20261211,2026,12,11,5,11,3,10,38,391,1
20261211,2026,12,11,5,11,3,16,29,150,0
20261211,2026,12,11,5,11,3,21,51,369,1
20261212,2026,12,12,6,11,4,4,31,-16,0
20261212,2026,12,12,6,11,4,11,11,381,1
20261212,2026,12,12,6,11,4,17,3,155,0
20261212,2026,12,12,6,11,4,22,25,361,1
20261213,2026,12,13,0,11,5,5,5,-2,0
20261213,2026,12,13,0,11,5,11,44,369,1
20261213,2026,12,13,0,11,5,17,38,158,0
20261213,2026,12,13,0,11,5,22,59,347,1
20261214,2026,12,14,1,11,6,5,40,17,0
20261214,2026,12,14,1,11,6,12,19,356,1
20261214,2026,12,14,1,11,6,18,17,162,0
20261214,2026,12,14,1,11,6,23,37,328,1
20261215,2026,12,15,2,11,7,6,17,43,0
20261215,2026,12,15,2,11,7,12,57,344,1
20261215,2026,12,15,2,11,7,19,4,163,0
20261216,2026,12,16,3,11,8,0,23,306,1
20261216,2026,12,16,3,11,8,6,59,70,0
20261216,2026,12,16,3,11,8,13,41,333,1
20261216,2026,12,16,3,11,8,20,1,157,0
20261217,2026,12,17,4,11,9,1,26,286,1
20261217,2026,12,17,4,11,9,7,50,101,0
20261217,2026,12,17,4,11,9,14,32,327,1
20261217,2026,12,17,4,11,9,21,7,140,0
20261218,2026,12,18,5,11,10,2,51,277,1
20261218,2026,12,18,5,11,10,8,53,129,0
20261218,2026,12,18,5,11,10,15,29,327,1
20261218,2026,12,18,5,11,10,22,15,111,0
20261219,2026,12,19,6,11,11,4,24,286,1
20261219,2026,12,19,6,11,11,10,10,150,0
20261219,2026,12,19,6,11,11,16,28,332,1
20261219,2026,12,19,6,11,11,23,17,70,0
20261220,2026,12,20,0,11,12,5,46,315,1
20261220,2026,12,20,0,11,12,11,29,158,0
20261220,2026,12,20,0,11,12,17,25,342,1
20261221,2026,12,21,1,11,13,0,13,22,0
20261221,2026,12,21,1,11,13,6,53,350,1
20261221,2026,12,21,1,11,13,12,40,157,0
20261221,2026,12,21,1,11,13,18,19,359,1
20261222,2026,12,22,2,11,14,1,5,-24,0
20261222,2026,12,22,2,11,14,7,50,386,1
20261222,2026,12,22,2,11,14,13,41,148,0
20261222,2026,12,22,2,11,14,19,10,376,1
20261223,2026,12,23,3,11,15,1,56,-67,0
20261223,2026,12,23,3,11,15,8,43,417,1
20261223,2026,12,23,3,11,15,14,35,138,0
20261223,2026,12,23,3,11,15,20,1,395,1
20261224,2026,12,24,4,11,16,2,46,-97,0
20261224,2026,12,24,4,11,16,9,33,435,1
20261224,2026,12,24,4,11,16,15,25,128,0
20261224,2026,12,24,4,11,16,20,50,408,1
20261225,2026,12,25,5,11,17,3,35,-114,0
20261225,2026,12,25,5,11,17,10,20,442,1
20261225,2026,12,25,5,11,17,16,13,119,0
20261225,2026,12,25,5,11,17,21,39,415,1
20261226,2026,12,26,6,11,18,4,23,-114,0
20261226,2026,12,26,6,11,18,11,5,437,1
20261226,2026,12,26,6,11,18,17,0,114,0
20261226,2026,12,26,6,11,18,22,28,410,1
20261227,2026,12,27,0,11,19,5,10,-94,0
20261227,2026,12,27,0,11,19,11,49,420,1
20261227,2026,12,27,0,11,19,17,46,111,0
20261227,2026,12,27,0,11,19,23,17,393,1
20261228,2026,12,28,1,11,20,5,56,-55,0
20261228,2026,12,28,1,11,20,12,30,398,1
20261228,2026,12,28,1,11,20,18,33,109,0
20261229,2026,12,29,2,11,21,0,7,364,1
20261229,2026,12,29,2,11,21,6,41,-4,0
20261229,2026,12,29,2,11,21,13,10,373,1
20261229,2026,12,29,2,11,21,19,22,107,0
20261230,2026,12,30,3,11,22,1,4,330,1
20261230,2026,12,30,3,11,22,7,26,51,0
20261230,2026,12,30,3,11,22,13,50,349,1
20261230,2026,12,30,3,11,22,20,16,107,0
20261231,2026,12,31,4,11,23,2,11,296,1
20261231,2026,12,31,4,11,23,8,12,109,0
20261231,2026,12,31,4,11,23,14,29,328,1
20261231,2026,12,31,4,11,23,21,17,101,0
